,application,application_name,application_kind,version,case,frame_level,Category
1,chart,JFreechart,Defects4J,13b,CHART-13b,2,Complex Code
2,chart,JFreechart,Defects4J,13b,CHART-13b,3,Complex Code
3,chart,JFreechart,Defects4J,13b,CHART-13b,4,Complex Code
4,chart,JFreechart,Defects4J,13b,CHART-13b,5,Complex Code
5,chart,JFreechart,Defects4J,13b,CHART-13b,6,Complex Code
6,lang,Commons-lang,Defects4J,13b,LANG-13b,4,NA
7,lang,Commons-lang,Defects4J,13b,LANG-13b,5,NA
8,lang,Commons-lang,Defects4J,19b,LANG-19b,2,Input Data Generation
9,lang,Commons-lang,Defects4J,20b,LANG-20b,1,Static Initialization
10,lang,Commons-lang,Defects4J,20b,LANG-20b,2,Static Initialization
11,lang,Commons-lang,Defects4J,20b,LANG-20b,3,Static Initialization
12,lang,Commons-lang,Defects4J,27b,LANG-27b,2,NA
13,lang,Commons-lang,Defects4J,37b,LANG-37b,1,NA
14,lang,Commons-lang,Defects4J,44b,LANG-44b,1,NA
15,lang,Commons-lang,Defects4J,6b,LANG-6b,2,Abstract Class
16,lang,Commons-lang,Defects4J,6b,LANG-6b,3,Input Data Generation
17,lang,Commons-lang,Defects4J,9b,LANG-9b,1,Private Inner Class
18,lang,Commons-lang,Defects4J,9b,LANG-9b,2,Private Inner Class
19,lang,Commons-lang,Defects4J,9b,LANG-9b,3,Private Inner Class
20,lang,Commons-lang,Defects4J,9b,LANG-9b,4,Private Inner Class
21,lang,Commons-lang,Defects4J,9b,LANG-9b,6,Input Data Generation
22,lang,Commons-lang,Defects4J,9b,LANG-9b,7,Anonymous Class
23,lang,Commons-lang,Defects4J,9b,LANG-9b,8,Anonymous Class
24,lang,Commons-lang,Defects4J,9b,LANG-9b,9,Private Inner Class
25,lang,Commons-lang,Defects4J,9b,LANG-9b,10,Input Data Generation
26,math,Commons-math,Defects4J,101b,MATH-101b,1,NA
27,math,Commons-math,Defects4J,103b,MATH-103b,2,NA
28,math,Commons-math,Defects4J,103b,MATH-103b,3,NA
29,math,Commons-math,Defects4J,1b,MATH-1b,1,NA
30,math,Commons-math,Defects4J,31b,MATH-31b,1,NA
31,math,Commons-math,Defects4J,31b,MATH-31b,2,NA
32,math,Commons-math,Defects4J,31b,MATH-31b,3,NA
33,math,Commons-math,Defects4J,31b,MATH-31b,4,NA
34,math,Commons-math,Defects4J,31b,MATH-31b,5,NA
35,math,Commons-math,Defects4J,31b,MATH-31b,6,NA
36,math,Commons-math,Defects4J,31b,MATH-31b,7,NA
37,math,Commons-math,Defects4J,31b,MATH-31b,8,NA
38,math,Commons-math,Defects4J,32b,MATH-32b,3,Private Inner Class
39,math,Commons-math,Defects4J,32b,MATH-32b,4,Private Inner Class
40,math,Commons-math,Defects4J,32b,MATH-32b,5,Input Data Generation
41,math,Commons-math,Defects4J,32b,MATH-32b,6,Input Data Generation
42,math,Commons-math,Defects4J,32b,MATH-32b,7,Input Data Generation
43,math,Commons-math,Defects4J,32b,MATH-32b,8,Input Data Generation
44,math,Commons-math,Defects4J,32b,MATH-32b,9,Input Data Generation
45,math,Commons-math,Defects4J,32b,MATH-32b,10,Input Data Generation
46,math,Commons-math,Defects4J,38b,MATH-38b,1,NA
47,math,Commons-math,Defects4J,38b,MATH-38b,2,NA
48,math,Commons-math,Defects4J,38b,MATH-38b,3,NA
49,math,Commons-math,Defects4J,38b,MATH-38b,4,NA
50,math,Commons-math,Defects4J,3b,MATH-3b,1,Unknown
51,math,Commons-math,Defects4J,40b,MATH-40b,1,NA
52,math,Commons-math,Defects4J,49b,MATH-49b,1,NA
53,math,Commons-math,Defects4J,49b,MATH-49b,4,NA
54,math,Commons-math,Defects4J,51b,MATH-51b,1,NA
55,math,Commons-math,Defects4J,51b,MATH-51b,2,NA
56,math,Commons-math,Defects4J,58b,MATH-58b,3,NA
57,math,Commons-math,Defects4J,58b,MATH-58b,4,NA
58,math,Commons-math,Defects4J,58b,MATH-58b,5,NA
59,math,Commons-math,Defects4J,58b,MATH-58b,6,NA
60,math,Commons-math,Defects4J,58b,MATH-58b,7,NA
61,math,Commons-math,Defects4J,58b,MATH-58b,8,NA
62,math,Commons-math,Defects4J,58b,MATH-58b,9,NA
63,math,Commons-math,Defects4J,58b,MATH-58b,10,NA
64,math,Commons-math,Defects4J,58b,MATH-58b,11,NA
65,math,Commons-math,Defects4J,58b,MATH-58b,12,NA
66,math,Commons-math,Defects4J,60b,MATH-60b,1,NA
67,math,Commons-math,Defects4J,60b,MATH-60b,2,NA
68,math,Commons-math,Defects4J,60b,MATH-60b,3,NA
69,math,Commons-math,Defects4J,60b,MATH-60b,4,NA
70,math,Commons-math,Defects4J,60b,MATH-60b,5,NA
71,math,Commons-math,Defects4J,61b,MATH-61b,1,NA
72,math,Commons-math,Defects4J,78b,MATH-78b,1,NA
73,math,Commons-math,Defects4J,79b,MATH-79b,2,Unknown
74,math,Commons-math,Defects4J,81b,MATH-81b,1,Unknown
75,math,Commons-math,Defects4J,81b,MATH-81b,2,Unknown
76,math,Commons-math,Defects4J,81b,MATH-81b,3,Unknown
77,math,Commons-math,Defects4J,81b,MATH-81b,4,Unknown
78,math,Commons-math,Defects4J,81b,MATH-81b,5,Unknown
79,math,Commons-math,Defects4J,85b,MATH-85b,1,NA
80,math,Commons-math,Defects4J,85b,MATH-85b,2,NA
81,math,Commons-math,Defects4J,85b,MATH-85b,3,NA
82,mockito,Mockito,Defects4J,10b,MOCKITO-10b,1,NA
83,mockito,Mockito,Defects4J,10b,MOCKITO-10b,2,NA
84,mockito,Mockito,Defects4J,10b,MOCKITO-10b,3,NA
85,mockito,Mockito,Defects4J,10b,MOCKITO-10b,4,NA
86,mockito,Mockito,Defects4J,10b,MOCKITO-10b,5,NA
87,mockito,Mockito,Defects4J,10b,MOCKITO-10b,6,NA
88,mockito,Mockito,Defects4J,10b,MOCKITO-10b,7,NA
89,mockito,Mockito,Defects4J,10b,MOCKITO-10b,8,NA
90,mockito,Mockito,Defects4J,10b,MOCKITO-10b,9,NA
91,mockito,Mockito,Defects4J,10b,MOCKITO-10b,10,NA
92,mockito,Mockito,Defects4J,10b,MOCKITO-10b,11,NA
93,mockito,Mockito,Defects4J,10b,MOCKITO-10b,12,NA
94,mockito,Mockito,Defects4J,12b,MOCKITO-12b,1,Input Data Generation
95,mockito,Mockito,Defects4J,16b,MOCKITO-16b,1,NA
96,mockito,Mockito,Defects4J,16b,MOCKITO-16b,2,NA
97,mockito,Mockito,Defects4J,16b,MOCKITO-16b,3,NA
98,mockito,Mockito,Defects4J,16b,MOCKITO-16b,4,NA
99,mockito,Mockito,Defects4J,1b,MOCKITO-1b,1,NA
100,mockito,Mockito,Defects4J,1b,MOCKITO-1b,2,NA
101,mockito,Mockito,Defects4J,1b,MOCKITO-1b,3,NA
102,mockito,Mockito,Defects4J,1b,MOCKITO-1b,4,NA
103,mockito,Mockito,Defects4J,1b,MOCKITO-1b,5,NA
104,mockito,Mockito,Defects4J,1b,MOCKITO-1b,6,NA
105,mockito,Mockito,Defects4J,1b,MOCKITO-1b,7,NA
106,mockito,Mockito,Defects4J,1b,MOCKITO-1b,8,NA
107,mockito,Mockito,Defects4J,1b,MOCKITO-1b,9,NA
108,mockito,Mockito,Defects4J,1b,MOCKITO-1b,10,NA
109,mockito,Mockito,Defects4J,34b,MOCKITO-34b,1,Input Data Generation
110,mockito,Mockito,Defects4J,38b,MOCKITO-38b,1,Input Data Generation
111,mockito,Mockito,Defects4J,38b,MOCKITO-38b,2,Input Data Generation
112,mockito,Mockito,Defects4J,3b,MOCKITO-3b,1,Input Data Generation
113,mockito,Mockito,Defects4J,3b,MOCKITO-3b,2,Input Data Generation
114,mockito,Mockito,Defects4J,3b,MOCKITO-3b,3,Input Data Generation
115,mockito,Mockito,Defects4J,3b,MOCKITO-3b,4,Input Data Generation
116,mockito,Mockito,Defects4J,3b,MOCKITO-3b,5,Input Data Generation
117,mockito,Mockito,Defects4J,3b,MOCKITO-3b,6,Complex Code
118,mockito,Mockito,Defects4J,3b,MOCKITO-3b,7,Input Data Generation
119,mockito,Mockito,Defects4J,3b,MOCKITO-3b,8,Input Data Generation
120,mockito,Mockito,Defects4J,3b,MOCKITO-3b,9,Input Data Generation
121,mockito,Mockito,Defects4J,3b,MOCKITO-3b,10,Input Data Generation
122,mockito,Mockito,Defects4J,3b,MOCKITO-3b,11,Input Data Generation
123,mockito,Mockito,Defects4J,4b,MOCKITO-4b,1,Input Data Generation
124,mockito,Mockito,Defects4J,7b,MOCKITO-7b,1,NA
125,mockito,Mockito,Defects4J,7b,MOCKITO-7b,2,NA
126,mockito,Mockito,Defects4J,7b,MOCKITO-7b,3,NA
127,mockito,Mockito,Defects4J,7b,MOCKITO-7b,4,NA
128,mockito,Mockito,Defects4J,7b,MOCKITO-7b,5,NA
129,mockito,Mockito,Defects4J,7b,MOCKITO-7b,6,NA
130,mockito,Mockito,Defects4J,7b,MOCKITO-7b,7,NA
131,mockito,Mockito,Defects4J,7b,MOCKITO-7b,8,NA
132,mockito,Mockito,Defects4J,9b,MOCKITO-9b,1,NA
133,mockito,Mockito,Defects4J,9b,MOCKITO-9b,2,NA
134,mockito,Mockito,Defects4J,9b,MOCKITO-9b,3,NA
135,mockito,Mockito,Defects4J,9b,MOCKITO-9b,4,NA
136,mockito,Mockito,Defects4J,9b,MOCKITO-9b,5,NA
137,mockito,Mockito,Defects4J,9b,MOCKITO-9b,6,NA
138,mockito,Mockito,Defects4J,9b,MOCKITO-9b,7,NA
139,time,Joda-Time,Defects4J,14b,TIME-14b,1,NA
140,time,Joda-Time,Defects4J,14b,TIME-14b,2,NA
141,time,Joda-Time,Defects4J,14b,TIME-14b,3,NA
142,time,Joda-Time,Defects4J,14b,TIME-14b,4,NA
143,time,Joda-Time,Defects4J,14b,TIME-14b,5,NA
144,time,Joda-Time,Defects4J,18b,TIME-18b,1,NA
145,time,Joda-Time,Defects4J,18b,TIME-18b,2,NA
146,time,Joda-Time,Defects4J,18b,TIME-18b,3,NA
147,time,Joda-Time,Defects4J,18b,TIME-18b,4,NA
148,time,Joda-Time,Defects4J,18b,TIME-18b,5,NA
149,time,Joda-Time,Defects4J,18b,TIME-18b,6,NA
150,time,Joda-Time,Defects4J,18b,TIME-18b,7,NA
151,time,Joda-Time,Defects4J,5b,TIME-5b,1,NA
152,time,Joda-Time,Defects4J,7b,TIME-7b,3,NA
153,es,Elasticsearch,Elasticsearch,2.0.0,ES-14457,4,NA
154,es,Elasticsearch,Elasticsearch,2.0.0,ES-14457,5,NA
155,es,Elasticsearch,Elasticsearch,2.0.0,ES-14457,6,NA
156,es,Elasticsearch,Elasticsearch,2.0.0,ES-14457,7,NA
157,es,Elasticsearch,Elasticsearch,2.0.0,ES-14457,8,NA
158,es,Elasticsearch,Elasticsearch,2.0.0,ES-14457,9,NA
159,es,Elasticsearch,Elasticsearch,5.0.0-alpha2,ES-18109,6,NA
160,es,Elasticsearch,Elasticsearch,5.0.0-alpha2,ES-18109,7,NA
161,es,Elasticsearch,Elasticsearch,5.0.0-alpha2,ES-18109,8,NA
162,es,Elasticsearch,Elasticsearch,5.0.0-alpha2,ES-18109,9,NA
163,es,Elasticsearch,Elasticsearch,5.0.0-alpha2,ES-18109,10,NA
164,es,Elasticsearch,Elasticsearch,5.0.0-alpha2,ES-18109,11,NA
165,es,Elasticsearch,Elasticsearch,5.0.0-alpha2,ES-18109,12,NA
166,es,Elasticsearch,Elasticsearch,5.0.0-alpha2,ES-18109,13,NA
167,es,Elasticsearch,Elasticsearch,5.0.0-alpha2,ES-18109,14,NA
168,es,Elasticsearch,Elasticsearch,2.3.2,ES-18657,2,NA
169,es,Elasticsearch,Elasticsearch,2.3.2,ES-18657,3,NA
170,es,Elasticsearch,Elasticsearch,2.3.2,ES-18657,4,NA
171,es,Elasticsearch,Elasticsearch,2.3.2,ES-18657,5,NA
172,es,Elasticsearch,Elasticsearch,2.3.2,ES-18657,6,NA
173,es,Elasticsearch,Elasticsearch,2.3.2,ES-18657,7,NA
174,es,Elasticsearch,Elasticsearch,5.0.0-alpha3,ES-19026,9,NA
175,es,Elasticsearch,Elasticsearch,5.0.0-alpha3,ES-19026,10,NA
176,es,Elasticsearch,Elasticsearch,5.0.0-alpha3,ES-19026,11,NA
177,es,Elasticsearch,Elasticsearch,5.0.0-alpha3,ES-19026,12,NA
178,es,Elasticsearch,Elasticsearch,5.0.0-alpha3,ES-19026,13,NA
179,es,Elasticsearch,Elasticsearch,5.0.0-alpha3,ES-19026,14,NA
180,es,Elasticsearch,Elasticsearch,5.0.0-alpha3,ES-19026,15,NA
181,es,Elasticsearch,Elasticsearch,5.0.0-alpha3,ES-19026,16,NA
182,es,Elasticsearch,Elasticsearch,5.0.0-alpha3,ES-19026,17,NA
183,es,Elasticsearch,Elasticsearch,5.0.0-alpha3,ES-19026,18,NA
184,es,Elasticsearch,Elasticsearch,5.0.0-alpha3,ES-19026,19,NA
185,es,Elasticsearch,Elasticsearch,5.0.0-alpha3,ES-19026,20,NA
186,es,Elasticsearch,Elasticsearch,5.0.0-alpha3,ES-19026,21,NA
187,es,Elasticsearch,Elasticsearch,5.0.0-alpha3,ES-19026,22,NA
188,es,Elasticsearch,Elasticsearch,5.0.0-alpha3,ES-19026,23,NA
189,es,Elasticsearch,Elasticsearch,2.4.6,ES-19414,1,NA
190,es,Elasticsearch,Elasticsearch,2.4.6,ES-19414,2,NA
191,es,Elasticsearch,Elasticsearch,2.4.6,ES-19414,3,NA
192,es,Elasticsearch,Elasticsearch,2.4.6,ES-19414,4,NA
193,es,Elasticsearch,Elasticsearch,2.4.6,ES-19414,5,NA
194,es,Elasticsearch,Elasticsearch,2.4.6,ES-19414,6,NA
195,es,Elasticsearch,Elasticsearch,2.4.6,ES-19414,7,NA
196,es,Elasticsearch,Elasticsearch,2.4.6,ES-19414,8,NA
197,es,Elasticsearch,Elasticsearch,2.4.6,ES-19414,9,NA
198,es,Elasticsearch,Elasticsearch,2.3.3,ES-19891,1,NA
199,es,Elasticsearch,Elasticsearch,2.3.3,ES-19891,2,NA
200,es,Elasticsearch,Elasticsearch,2.3.3,ES-19891,3,NA
201,es,Elasticsearch,Elasticsearch,2.3.3,ES-19891,16,NA
202,es,Elasticsearch,Elasticsearch,2.3.3,ES-19891,17,NA
203,es,Elasticsearch,Elasticsearch,2.3.3,ES-19891,18,NA
204,es,Elasticsearch,Elasticsearch,2.3.3,ES-19891,19,NA
205,es,Elasticsearch,Elasticsearch,2.3.3,ES-19891,20,NA
206,es,Elasticsearch,Elasticsearch,2.3.3,ES-19891,21,NA
207,es,Elasticsearch,Elasticsearch,2.3.3,ES-19891,22,NA
208,es,Elasticsearch,Elasticsearch,2.3.3,ES-19891,23,NA
209,es,Elasticsearch,Elasticsearch,5.0.0-alpha4,ES-20045,1,Unknown
210,es,Elasticsearch,Elasticsearch,5.0.0-alpha4,ES-20045,2,Abstract Class
211,es,Elasticsearch,Elasticsearch,5.0.0-alpha4,ES-20045,4,Complex Code
212,es,Elasticsearch,Elasticsearch,5.0.0-alpha4,ES-20045,5,Complex Code
213,es,Elasticsearch,Elasticsearch,5.0.0-alpha4,ES-20045,6,Unknown
214,es,Elasticsearch,Elasticsearch,5.0.0-alpha4,ES-20045,7,Irrelevant Frame
215,es,Elasticsearch,Elasticsearch,5.0.0-alpha4,ES-20045,8,Anonymous Class
216,es,Elasticsearch,Elasticsearch,5.0.0-alpha4,ES-20045,9,try/catch
217,es,Elasticsearch,Elasticsearch,5.0.0-alpha4,ES-20045,10,try/catch
218,es,Elasticsearch,Elasticsearch,5.0.0-alpha4,ES-20045,11,Static Initialization
219,es,Elasticsearch,Elasticsearch,5.0.0-alpha4,ES-20045,12,Input Data Generation
220,es,Elasticsearch,Elasticsearch,5.0.0-alpha4,ES-20045,13,Abstract Class
221,es,Elasticsearch,Elasticsearch,5.0.0-alpha4,ES-20045,14,Abstract Class
222,es,Elasticsearch,Elasticsearch,5.0.0-alpha4,ES-20045,15,Unknown
223,es,Elasticsearch,Elasticsearch,2.3.4,ES-20298,1,NA
224,es,Elasticsearch,Elasticsearch,2.3.4,ES-20298,2,NA
225,es,Elasticsearch,Elasticsearch,2.3.4,ES-20298,3,NA
226,es,Elasticsearch,Elasticsearch,2.3.4,ES-20298,4,NA
227,es,Elasticsearch,Elasticsearch,2.3.4,ES-20298,5,NA
228,es,Elasticsearch,Elasticsearch,2.3.4,ES-20298,6,NA
229,es,Elasticsearch,Elasticsearch,2.3.5,ES-20333,14,Complex Code
230,es,Elasticsearch,Elasticsearch,2.4.0,ES-20408,1,Input Data Generation
231,es,Elasticsearch,Elasticsearch,2.4.0,ES-20408,2,Complex Code
232,es,Elasticsearch,Elasticsearch,2.4.0,ES-20408,3,try/catch
233,es,Elasticsearch,Elasticsearch,2.4.0,ES-20479,1,NA
234,es,Elasticsearch,Elasticsearch,2.4.0,ES-20479,2,NA
235,es,Elasticsearch,Elasticsearch,2.4.0,ES-20479,3,NA
236,es,Elasticsearch,Elasticsearch,2.4.0,ES-20479,6,NA
237,es,Elasticsearch,Elasticsearch,2.4.0,ES-20479,7,NA
238,es,Elasticsearch,Elasticsearch,2.4.0,ES-20479,8,NA
239,es,Elasticsearch,Elasticsearch,2.4.0,ES-20479,9,NA
240,es,Elasticsearch,Elasticsearch,2.4.0,ES-20479,10,NA
241,es,Elasticsearch,Elasticsearch,2.4.0,ES-20479,11,NA
242,es,Elasticsearch,Elasticsearch,2.4.0,ES-20479,12,NA
243,es,Elasticsearch,Elasticsearch,2.4.0,ES-20479,13,NA
244,es,Elasticsearch,Elasticsearch,2.4.0,ES-20479,14,NA
245,es,Elasticsearch,Elasticsearch,2.4.0,ES-20479,15,NA
246,es,Elasticsearch,Elasticsearch,2.4.0,ES-20479,16,NA
247,es,Elasticsearch,Elasticsearch,2.4.0,ES-20479,17,NA
248,es,Elasticsearch,Elasticsearch,2.4.0,ES-20479,18,NA
249,es,Elasticsearch,Elasticsearch,2.4.0,ES-20479,19,NA
250,es,Elasticsearch,Elasticsearch,2.4.0,ES-20479,20,NA
251,es,Elasticsearch,Elasticsearch,2.4.0,ES-20479,21,NA
252,es,Elasticsearch,Elasticsearch,2.4.0,ES-20479,22,NA
253,es,Elasticsearch,Elasticsearch,2.4.0,ES-20479,23,NA
254,es,Elasticsearch,Elasticsearch,2.4.0,ES-20479,24,NA
255,es,Elasticsearch,Elasticsearch,2.4.0,ES-20479,25,NA
256,es,Elasticsearch,Elasticsearch,2.4.0,ES-20479,26,NA
257,es,Elasticsearch,Elasticsearch,2.4.0,ES-20479,27,NA
258,es,Elasticsearch,Elasticsearch,2.4.0,ES-20479,28,NA
259,es,Elasticsearch,Elasticsearch,2.4.0,ES-20479,29,NA
260,es,Elasticsearch,Elasticsearch,2.4.0,ES-20479,30,NA
261,es,Elasticsearch,Elasticsearch,2.4.0,ES-20479,31,NA
262,es,Elasticsearch,Elasticsearch,2.4.0,ES-20479,32,NA
263,es,Elasticsearch,Elasticsearch,2.4.0,ES-20479,33,NA
264,es,Elasticsearch,Elasticsearch,2.4.0,ES-20479,34,NA
265,es,Elasticsearch,Elasticsearch,2.4.0,ES-20479,35,NA
266,es,Elasticsearch,Elasticsearch,2.4.0,ES-20479,36,NA
267,es,Elasticsearch,Elasticsearch,2.4.0,ES-20479,37,NA
268,es,Elasticsearch,Elasticsearch,2.4.0,ES-20479,38,NA
269,es,Elasticsearch,Elasticsearch,2.4.0,ES-20479,39,NA
270,es,Elasticsearch,Elasticsearch,2.4.0,ES-20479,40,NA
271,es,Elasticsearch,Elasticsearch,2.4.1,ES-21061,1,NA
272,es,Elasticsearch,Elasticsearch,2.4.1,ES-21061,2,NA
273,es,Elasticsearch,Elasticsearch,2.4.1,ES-21061,3,NA
274,es,Elasticsearch,Elasticsearch,2.4.1,ES-21061,4,NA
275,es,Elasticsearch,Elasticsearch,2.4.1,ES-21061,5,NA
276,es,Elasticsearch,Elasticsearch,2.4.1,ES-21061,6,NA
277,es,Elasticsearch,Elasticsearch,2.4.1,ES-21061,7,NA
278,es,Elasticsearch,Elasticsearch,2.4.1,ES-21061,8,NA
279,es,Elasticsearch,Elasticsearch,2.4.1,ES-21061,9,NA
280,es,Elasticsearch,Elasticsearch,2.4.1,ES-21061,10,NA
281,es,Elasticsearch,Elasticsearch,2.4.1,ES-21061,11,NA
282,es,Elasticsearch,Elasticsearch,2.4.1,ES-21061,12,NA
283,es,Elasticsearch,Elasticsearch,2.4.1,ES-21061,13,NA
284,es,Elasticsearch,Elasticsearch,2.4.1,ES-21061,14,NA
285,es,Elasticsearch,Elasticsearch,5.0.0,ES-21457,3,Anonymous Class
286,es,Elasticsearch,Elasticsearch,5.0.0,ES-21457,4,Complex Code
287,es,Elasticsearch,Elasticsearch,5.0.0,ES-21457,5,Complex Code
288,es,Elasticsearch,Elasticsearch,5.0.0,ES-21457,6,Complex Code
289,es,Elasticsearch,Elasticsearch,5.0.0,ES-21457,7,try/catch
290,es,Elasticsearch,Elasticsearch,5.0.0,ES-21457,8,Anonymous Class
291,es,Elasticsearch,Elasticsearch,5.0.0,ES-21457,9,Interface
292,es,Elasticsearch,Elasticsearch,5.0.0,ES-21457,10,Unknown
293,es,Elasticsearch,Elasticsearch,5.0.0,ES-21457,11,try/catch
294,es,Elasticsearch,Elasticsearch,5.0.0,ES-21457,12,Private Inner Class
295,es,Elasticsearch,Elasticsearch,5.0.0,ES-21457,13,Abstract Class
296,es,Elasticsearch,Elasticsearch,5.0.0,ES-21500,9,NA
297,es,Elasticsearch,Elasticsearch,5.0.1,ES-21620,1,NA
298,es,Elasticsearch,Elasticsearch,5.0.1,ES-21620,2,NA
299,es,Elasticsearch,Elasticsearch,5.0.1,ES-21620,3,NA
300,es,Elasticsearch,Elasticsearch,5.0.1,ES-21620,4,NA
301,es,Elasticsearch,Elasticsearch,5.0.1,ES-21620,5,NA
302,es,Elasticsearch,Elasticsearch,5.0.1,ES-21620,6,NA
303,es,Elasticsearch,Elasticsearch,5.0.1,ES-21620,7,NA
304,es,Elasticsearch,Elasticsearch,5.0.1,ES-21620,8,NA
305,es,Elasticsearch,Elasticsearch,5.0.1,ES-21620,9,NA
306,es,Elasticsearch,Elasticsearch,5.0.1,ES-21620,10,NA
307,es,Elasticsearch,Elasticsearch,5.6.7,ES-21665,4,NA
308,es,Elasticsearch,Elasticsearch,5.6.7,ES-21665,5,NA
309,es,Elasticsearch,Elasticsearch,5.6.7,ES-21665,6,NA
310,es,Elasticsearch,Elasticsearch,5.6.7,ES-21665,7,NA
311,es,Elasticsearch,Elasticsearch,5.6.7,ES-21665,8,NA
312,es,Elasticsearch,Elasticsearch,5.6.7,ES-21665,9,NA
313,es,Elasticsearch,Elasticsearch,5.6.7,ES-21665,10,NA
314,es,Elasticsearch,Elasticsearch,5.6.7,ES-21665,14,NA
315,es,Elasticsearch,Elasticsearch,5.6.7,ES-21665,15,NA
316,es,Elasticsearch,Elasticsearch,5.6.7,ES-21665,16,NA
317,es,Elasticsearch,Elasticsearch,5.6.7,ES-21665,17,NA
318,es,Elasticsearch,Elasticsearch,5.6.7,ES-21665,18,NA
319,es,Elasticsearch,Elasticsearch,5.6.7,ES-21665,19,NA
320,es,Elasticsearch,Elasticsearch,5.0.1,ES-21906,2,Irrelevant Frame
321,es,Elasticsearch,Elasticsearch,5.0.1,ES-21906,3,Abstract Class
322,es,Elasticsearch,Elasticsearch,5.0.1,ES-21906,4,Irrelevant Frame
323,es,Elasticsearch,Elasticsearch,5.0.1,ES-21906,5,Interface
324,es,Elasticsearch,Elasticsearch,5.0.1,ES-21906,6,Input Data Generation
325,es,Elasticsearch,Elasticsearch,5.0.1,ES-21906,7,Anonymous Class
326,es,Elasticsearch,Elasticsearch,5.0.1,ES-21906,8,Private Inner Class
327,es,Elasticsearch,Elasticsearch,5.0.2,ES-21911,17,NA
328,es,Elasticsearch,Elasticsearch,5.0.2,ES-21911,18,NA
329,es,Elasticsearch,Elasticsearch,5.0.2,ES-21911,19,NA
330,es,Elasticsearch,Elasticsearch,5.0.2,ES-21911,20,NA
331,es,Elasticsearch,Elasticsearch,5.0.2,ES-21911,21,NA
332,es,Elasticsearch,Elasticsearch,5.0.2,ES-21911,22,NA
333,es,Elasticsearch,Elasticsearch,5.0.2,ES-21911,23,NA
334,es,Elasticsearch,Elasticsearch,5.0.2,ES-21911,24,NA
335,es,Elasticsearch,Elasticsearch,5.0.2,ES-21911,25,NA
336,es,Elasticsearch,Elasticsearch,5.0.2,ES-21911,26,NA
337,es,Elasticsearch,Elasticsearch,5.0.2,ES-21911,27,NA
338,es,Elasticsearch,Elasticsearch,5.0.2,ES-21911,28,NA
339,es,Elasticsearch,Elasticsearch,5.0.2,ES-21911,29,NA
340,es,Elasticsearch,Elasticsearch,5.0.2,ES-21911,30,NA
341,es,Elasticsearch,Elasticsearch,5.0.2,ES-21911,31,NA
342,es,Elasticsearch,Elasticsearch,5.0.2,ES-21911,32,NA
343,es,Elasticsearch,Elasticsearch,5.0.2,ES-21911,33,NA
344,es,Elasticsearch,Elasticsearch,5.0.2,ES-21911,34,NA
345,es,Elasticsearch,Elasticsearch,5.0.2,ES-21911,35,NA
346,es,Elasticsearch,Elasticsearch,5.0.2,ES-21911,36,NA
347,es,Elasticsearch,Elasticsearch,5.0.2,ES-21911,37,NA
348,es,Elasticsearch,Elasticsearch,5.0.2,ES-21911,38,NA
349,es,Elasticsearch,Elasticsearch,5.0.2,ES-21911,39,NA
350,es,Elasticsearch,Elasticsearch,5.0.2,ES-21911,40,NA
351,es,Elasticsearch,Elasticsearch,5.0.2,ES-21911,41,NA
352,es,Elasticsearch,Elasticsearch,5.0.2,ES-21911,42,NA
353,es,Elasticsearch,Elasticsearch,5.0.2,ES-21911,43,NA
354,es,Elasticsearch,Elasticsearch,5.0.2,ES-21911,44,NA
355,es,Elasticsearch,Elasticsearch,5.0.2,ES-21911,45,NA
356,es,Elasticsearch,Elasticsearch,5.0.2,ES-21911,46,NA
357,es,Elasticsearch,Elasticsearch,5.0.2,ES-21911,47,NA
358,es,Elasticsearch,Elasticsearch,5.0.1,ES-21974,5,NA
359,es,Elasticsearch,Elasticsearch,5.0.1,ES-21974,6,NA
360,es,Elasticsearch,Elasticsearch,5.0.1,ES-21974,7,NA
361,es,Elasticsearch,Elasticsearch,5.0.1,ES-21974,12,NA
362,es,Elasticsearch,Elasticsearch,5.0.1,ES-21974,16,NA
363,es,Elasticsearch,Elasticsearch,5.1.1,ES-22119,2,NA
364,es,Elasticsearch,Elasticsearch,5.1.1,ES-22119,3,NA
365,es,Elasticsearch,Elasticsearch,5.1.1,ES-22119,4,NA
366,es,Elasticsearch,Elasticsearch,5.1.1,ES-22119,5,NA
367,es,Elasticsearch,Elasticsearch,5.0.1,ES-22156,34,NA
368,es,Elasticsearch,Elasticsearch,5.0.1,ES-22156,35,NA
369,es,Elasticsearch,Elasticsearch,5.0.1,ES-22156,36,NA
370,es,Elasticsearch,Elasticsearch,5.0.1,ES-22156,39,NA
371,es,Elasticsearch,Elasticsearch,5.0.1,ES-22156,40,NA
372,es,Elasticsearch,Elasticsearch,5.0.1,ES-22156,41,NA
373,es,Elasticsearch,Elasticsearch,5.0.1,ES-22156,42,NA
374,es,Elasticsearch,Elasticsearch,5.0.1,ES-22156,43,NA
375,es,Elasticsearch,Elasticsearch,5.0.1,ES-22156,44,NA
376,es,Elasticsearch,Elasticsearch,5.0.1,ES-22156,45,NA
377,es,Elasticsearch,Elasticsearch,5.0.1,ES-22156,46,NA
378,es,Elasticsearch,Elasticsearch,5.0.1,ES-22156,47,NA
379,es,Elasticsearch,Elasticsearch,5.0.1,ES-22156,48,NA
380,es,Elasticsearch,Elasticsearch,5.0.1,ES-22156,49,NA
381,es,Elasticsearch,Elasticsearch,5.0.1,ES-22156,50,NA
382,es,Elasticsearch,Elasticsearch,5.1.1,ES-22347,11,NA
383,es,Elasticsearch,Elasticsearch,5.1.1,ES-22347,12,NA
384,es,Elasticsearch,Elasticsearch,5.1.1,ES-22347,13,NA
385,es,Elasticsearch,Elasticsearch,5.1.1,ES-22347,14,NA
386,es,Elasticsearch,Elasticsearch,5.1.1,ES-22347,15,NA
387,es,Elasticsearch,Elasticsearch,5.1.1,ES-22347,16,NA
388,es,Elasticsearch,Elasticsearch,5.1.1,ES-22347,17,NA
389,es,Elasticsearch,Elasticsearch,5.1.1,ES-22347,18,NA
390,es,Elasticsearch,Elasticsearch,5.1.1,ES-22347,19,NA
391,es,Elasticsearch,Elasticsearch,5.1.1,ES-22347,20,NA
392,es,Elasticsearch,Elasticsearch,5.1.1,ES-22347,21,NA
393,es,Elasticsearch,Elasticsearch,5.1.1,ES-22347,22,NA
394,es,Elasticsearch,Elasticsearch,5.1.1,ES-22347,23,NA
395,es,Elasticsearch,Elasticsearch,5.1.1,ES-22347,24,NA
396,es,Elasticsearch,Elasticsearch,5.1.1,ES-22347,25,NA
397,es,Elasticsearch,Elasticsearch,5.1.1,ES-22347,26,NA
398,es,Elasticsearch,Elasticsearch,5.1.1,ES-22347,27,NA
399,es,Elasticsearch,Elasticsearch,5.1.1,ES-22347,28,NA
400,es,Elasticsearch,Elasticsearch,5.1.1,ES-22347,29,NA
401,es,Elasticsearch,Elasticsearch,5.1.1,ES-22347,30,NA
402,es,Elasticsearch,Elasticsearch,5.1.1,ES-22347,31,NA
403,es,Elasticsearch,Elasticsearch,5.1.1,ES-22347,32,NA
404,es,Elasticsearch,Elasticsearch,5.1.1,ES-22347,33,NA
405,es,Elasticsearch,Elasticsearch,5.1.1,ES-22347,34,NA
406,es,Elasticsearch,Elasticsearch,5.1.1,ES-22347,35,NA
407,es,Elasticsearch,Elasticsearch,5.1.1,ES-22347,36,NA
408,es,Elasticsearch,Elasticsearch,5.1.1,ES-22347,37,NA
409,es,Elasticsearch,Elasticsearch,5.1.1,ES-22347,38,NA
410,es,Elasticsearch,Elasticsearch,5.1.1,ES-22347,39,NA
411,es,Elasticsearch,Elasticsearch,5.1.1,ES-22347,40,NA
412,es,Elasticsearch,Elasticsearch,5.1.1,ES-22347,41,NA
413,es,Elasticsearch,Elasticsearch,5.1.1,ES-22347,42,NA
414,es,Elasticsearch,Elasticsearch,5.1.1,ES-22347,43,NA
415,es,Elasticsearch,Elasticsearch,5.1.1,ES-22347,44,NA
416,es,Elasticsearch,Elasticsearch,5.0.0,ES-22373,3,NA
417,es,Elasticsearch,Elasticsearch,5.0.0,ES-22373,4,NA
418,es,Elasticsearch,Elasticsearch,5.0.0,ES-22373,5,NA
419,es,Elasticsearch,Elasticsearch,5.0.0,ES-22373,6,NA
420,es,Elasticsearch,Elasticsearch,5.0.0,ES-22373,7,NA
421,es,Elasticsearch,Elasticsearch,5.0.0,ES-22373,8,NA
422,es,Elasticsearch,Elasticsearch,5.0.0,ES-22373,9,NA
423,es,Elasticsearch,Elasticsearch,5.0.0,ES-22373,10,NA
424,es,Elasticsearch,Elasticsearch,5.0.0,ES-22373,11,NA
425,es,Elasticsearch,Elasticsearch,5.0.0,ES-22373,12,NA
426,es,Elasticsearch,Elasticsearch,5.0.0,ES-22373,13,NA
427,es,Elasticsearch,Elasticsearch,5.0.0,ES-22373,14,NA
428,es,Elasticsearch,Elasticsearch,5.0.0,ES-22373,15,NA
429,es,Elasticsearch,Elasticsearch,5.1.1,ES-22500,1,NA
430,es,Elasticsearch,Elasticsearch,5.1.1,ES-22500,2,NA
431,es,Elasticsearch,Elasticsearch,5.1.1,ES-22500,3,NA
432,es,Elasticsearch,Elasticsearch,5.1.1,ES-22500,4,NA
433,es,Elasticsearch,Elasticsearch,5.1.1,ES-22500,5,NA
434,es,Elasticsearch,Elasticsearch,5.1.1,ES-22500,6,NA
435,es,Elasticsearch,Elasticsearch,5.1.1,ES-22500,7,NA
436,es,Elasticsearch,Elasticsearch,5.1.1,ES-22500,8,NA
437,es,Elasticsearch,Elasticsearch,5.1.1,ES-22500,9,NA
438,es,Elasticsearch,Elasticsearch,5.1.1,ES-22500,10,NA
439,es,Elasticsearch,Elasticsearch,5.1.1,ES-22500,11,NA
440,es,Elasticsearch,Elasticsearch,5.1.1,ES-22500,12,NA
441,es,Elasticsearch,Elasticsearch,5.1.1,ES-22500,13,NA
442,es,Elasticsearch,Elasticsearch,5.1.1,ES-22530,2,NA
443,es,Elasticsearch,Elasticsearch,5.1.1,ES-22530,3,NA
444,es,Elasticsearch,Elasticsearch,5.1.1,ES-22530,4,NA
445,es,Elasticsearch,Elasticsearch,5.1.1,ES-22530,5,NA
446,es,Elasticsearch,Elasticsearch,5.1.1,ES-22530,6,NA
447,es,Elasticsearch,Elasticsearch,5.1.1,ES-22530,7,NA
448,es,Elasticsearch,Elasticsearch,5.1.1,ES-22530,8,NA
449,es,Elasticsearch,Elasticsearch,5.1.1,ES-22530,9,NA
450,es,Elasticsearch,Elasticsearch,5.1.1,ES-22530,10,NA
451,es,Elasticsearch,Elasticsearch,5.1.1,ES-22530,11,NA
452,es,Elasticsearch,Elasticsearch,5.0.0,ES-22584,1,NA
453,es,Elasticsearch,Elasticsearch,5.0.0,ES-22584,2,NA
454,es,Elasticsearch,Elasticsearch,5.0.0,ES-22584,3,NA
455,es,Elasticsearch,Elasticsearch,5.0.0,ES-22584,4,NA
456,es,Elasticsearch,Elasticsearch,5.0.0,ES-22584,5,NA
457,es,Elasticsearch,Elasticsearch,5.0.0,ES-22584,6,NA
458,es,Elasticsearch,Elasticsearch,5.0.0,ES-22584,7,NA
459,es,Elasticsearch,Elasticsearch,5.0.0,ES-22584,8,NA
460,es,Elasticsearch,Elasticsearch,5.0.0,ES-22584,9,NA
461,es,Elasticsearch,Elasticsearch,5.0.0,ES-22584,10,NA
462,es,Elasticsearch,Elasticsearch,5.0.0,ES-22584,11,NA
463,es,Elasticsearch,Elasticsearch,5.1.2,ES-22770,2,NA
464,es,Elasticsearch,Elasticsearch,5.1.2,ES-22770,3,NA
465,es,Elasticsearch,Elasticsearch,5.1.2,ES-22770,4,NA
466,es,Elasticsearch,Elasticsearch,5.1.2,ES-22770,5,NA
467,es,Elasticsearch,Elasticsearch,5.1.2,ES-22770,6,NA
468,es,Elasticsearch,Elasticsearch,5.1.2,ES-22770,7,NA
469,es,Elasticsearch,Elasticsearch,5.1.2,ES-22770,8,NA
470,es,Elasticsearch,Elasticsearch,5.1.2,ES-22770,9,NA
471,es,Elasticsearch,Elasticsearch,5.1.2,ES-22770,10,NA
472,es,Elasticsearch,Elasticsearch,2.4.0,ES-22786,1,NA
473,es,Elasticsearch,Elasticsearch,2.4.0,ES-22786,2,NA
474,es,Elasticsearch,Elasticsearch,2.4.0,ES-22786,3,NA
475,es,Elasticsearch,Elasticsearch,2.4.0,ES-22786,4,NA
476,es,Elasticsearch,Elasticsearch,2.4.0,ES-22786,5,NA
477,es,Elasticsearch,Elasticsearch,2.4.0,ES-22786,6,NA
478,es,Elasticsearch,Elasticsearch,5.1.1,ES-22881,2,NA
479,es,Elasticsearch,Elasticsearch,5.1.1,ES-22881,3,NA
480,es,Elasticsearch,Elasticsearch,5.1.1,ES-22881,4,NA
481,es,Elasticsearch,Elasticsearch,5.1.1,ES-22881,5,NA
482,es,Elasticsearch,Elasticsearch,5.1.1,ES-22881,6,NA
483,es,Elasticsearch,Elasticsearch,5.1.1,ES-22881,7,NA
484,es,Elasticsearch,Elasticsearch,5.1.1,ES-22881,8,NA
485,es,Elasticsearch,Elasticsearch,5.1.1,ES-22881,9,NA
486,es,Elasticsearch,Elasticsearch,5.1.1,ES-22881,10,NA
487,es,Elasticsearch,Elasticsearch,5.1.1,ES-22881,11,NA
488,es,Elasticsearch,Elasticsearch,5.1.1,ES-22881,12,NA
489,es,Elasticsearch,Elasticsearch,5.1.1,ES-22881,13,NA
490,es,Elasticsearch,Elasticsearch,5.1.1,ES-22881,14,NA
491,es,Elasticsearch,Elasticsearch,5.1.1,ES-22881,15,NA
492,es,Elasticsearch,Elasticsearch,5.2.0,ES-22922,1,NA
493,es,Elasticsearch,Elasticsearch,5.2.0,ES-22922,2,NA
494,es,Elasticsearch,Elasticsearch,5.2.0,ES-22922,3,NA
495,es,Elasticsearch,Elasticsearch,5.2.0,ES-22922,4,NA
496,es,Elasticsearch,Elasticsearch,5.2.0,ES-22922,5,NA
497,es,Elasticsearch,Elasticsearch,5.2.0,ES-22922,6,NA
498,es,Elasticsearch,Elasticsearch,5.2.0,ES-22922,7,NA
499,es,Elasticsearch,Elasticsearch,5.2.0,ES-22922,8,NA
500,es,Elasticsearch,Elasticsearch,2.4.1,ES-22997,3,NA
501,es,Elasticsearch,Elasticsearch,2.4.1,ES-22997,6,Complex Code
502,es,Elasticsearch,Elasticsearch,2.4.1,ES-22997,7,try/catch
503,es,Elasticsearch,Elasticsearch,2.4.1,ES-22997,8,Unknown
504,es,Elasticsearch,Elasticsearch,2.4.1,ES-22997,9,Irrelevant Frame
505,es,Elasticsearch,Elasticsearch,2.4.1,ES-22997,10,Abstract Class
506,es,Elasticsearch,Elasticsearch,2.4.1,ES-22997,11,Input Data Generation
507,es,Elasticsearch,Elasticsearch,2.4.1,ES-22997,12,try/catch
508,es,Elasticsearch,Elasticsearch,2.4.1,ES-22997,13,try/catch
509,es,Elasticsearch,Elasticsearch,2.4.1,ES-22997,14,NA
510,es,Elasticsearch,Elasticsearch,2.4.1,ES-22997,15,NA
511,es,Elasticsearch,Elasticsearch,5.2.0,ES-23099,1,NA
512,es,Elasticsearch,Elasticsearch,5.2.0,ES-23099,2,NA
513,es,Elasticsearch,Elasticsearch,5.2.0,ES-23099,3,NA
514,es,Elasticsearch,Elasticsearch,5.2.0,ES-23099,4,NA
515,es,Elasticsearch,Elasticsearch,5.2.0,ES-23099,5,NA
516,es,Elasticsearch,Elasticsearch,5.2.0,ES-23099,6,NA
517,es,Elasticsearch,Elasticsearch,5.2.0,ES-23099,7,NA
518,es,Elasticsearch,Elasticsearch,5.2.0,ES-23099,8,NA
519,es,Elasticsearch,Elasticsearch,5.2.0,ES-23099,9,NA
520,es,Elasticsearch,Elasticsearch,5.2.0,ES-23099,10,NA
521,es,Elasticsearch,Elasticsearch,5.2.0,ES-23099,11,NA
522,es,Elasticsearch,Elasticsearch,5.2.0,ES-23099,12,NA
523,es,Elasticsearch,Elasticsearch,5.2.0,ES-23099,13,NA
524,es,Elasticsearch,Elasticsearch,5.2.0,ES-23099,14,NA
525,es,Elasticsearch,Elasticsearch,5.2.0,ES-23099,15,NA
526,es,Elasticsearch,Elasticsearch,5.2.0,ES-23115,7,NA
527,es,Elasticsearch,Elasticsearch,5.2.0,ES-23115,8,NA
528,es,Elasticsearch,Elasticsearch,5.2.0,ES-23115,9,NA
529,es,Elasticsearch,Elasticsearch,5.2.0,ES-23115,10,NA
530,es,Elasticsearch,Elasticsearch,5.2.0,ES-23115,11,NA
531,es,Elasticsearch,Elasticsearch,5.2.0,ES-23115,12,NA
532,es,Elasticsearch,Elasticsearch,5.2.0,ES-23115,13,NA
533,es,Elasticsearch,Elasticsearch,5.2.0,ES-23115,14,NA
534,es,Elasticsearch,Elasticsearch,5.2.0,ES-23115,15,NA
535,es,Elasticsearch,Elasticsearch,5.2.0,ES-23115,16,NA
536,es,Elasticsearch,Elasticsearch,5.2.0,ES-23115,17,NA
537,es,Elasticsearch,Elasticsearch,5.2.0,ES-23115,18,NA
538,es,Elasticsearch,Elasticsearch,5.2.0,ES-23115,19,NA
539,es,Elasticsearch,Elasticsearch,5.2.0,ES-23115,20,NA
540,es,Elasticsearch,Elasticsearch,5.2.0,ES-23115,21,NA
541,es,Elasticsearch,Elasticsearch,5.2.0,ES-23115,22,NA
542,es,Elasticsearch,Elasticsearch,5.2.0,ES-23115,23,NA
543,es,Elasticsearch,Elasticsearch,5.2.0,ES-23115,24,NA
544,es,Elasticsearch,Elasticsearch,5.2.0,ES-23115,25,NA
545,es,Elasticsearch,Elasticsearch,5.2.0,ES-23115,26,NA
546,es,Elasticsearch,Elasticsearch,5.2.0,ES-23115,27,NA
547,es,Elasticsearch,Elasticsearch,5.2.0,ES-23115,28,NA
548,es,Elasticsearch,Elasticsearch,5.2.0,ES-23115,29,NA
549,es,Elasticsearch,Elasticsearch,5.2.0,ES-23115,30,NA
550,es,Elasticsearch,Elasticsearch,5.2.0,ES-23115,31,NA
551,es,Elasticsearch,Elasticsearch,5.2.0,ES-23115,32,NA
552,es,Elasticsearch,Elasticsearch,5.2.0,ES-23115,33,NA
553,es,Elasticsearch,Elasticsearch,5.2.0,ES-23115,34,NA
554,es,Elasticsearch,Elasticsearch,5.2.0,ES-23115,35,NA
555,es,Elasticsearch,Elasticsearch,5.2.0,ES-23115,36,NA
556,es,Elasticsearch,Elasticsearch,5.2.0,ES-23115,37,NA
557,es,Elasticsearch,Elasticsearch,5.2.0,ES-23115,38,NA
558,es,Elasticsearch,Elasticsearch,5.2.0,ES-23115,39,NA
559,es,Elasticsearch,Elasticsearch,5.2.0,ES-23115,40,NA
560,es,Elasticsearch,Elasticsearch,5.2.0,ES-23115,41,NA
561,es,Elasticsearch,Elasticsearch,5.2.0,ES-23115,42,NA
562,es,Elasticsearch,Elasticsearch,5.2.0,ES-23115,43,NA
563,es,Elasticsearch,Elasticsearch,5.2.0,ES-23115,44,NA
564,es,Elasticsearch,Elasticsearch,5.2.0,ES-23115,45,NA
565,es,Elasticsearch,Elasticsearch,5.2.0,ES-23115,46,NA
566,es,Elasticsearch,Elasticsearch,5.2.0,ES-23115,47,NA
567,es,Elasticsearch,Elasticsearch,5.2.0,ES-23115,48,NA
568,es,Elasticsearch,Elasticsearch,5.2.0,ES-23115,49,NA
569,es,Elasticsearch,Elasticsearch,5.2.1,ES-23218,5,NA
570,es,Elasticsearch,Elasticsearch,5.2.1,ES-23218,6,NA
571,es,Elasticsearch,Elasticsearch,5.2.1,ES-23218,7,NA
572,es,Elasticsearch,Elasticsearch,5.2.1,ES-23218,8,NA
573,es,Elasticsearch,Elasticsearch,5.2.1,ES-23218,9,NA
574,es,Elasticsearch,Elasticsearch,5.2.1,ES-23218,10,NA
575,es,Elasticsearch,Elasticsearch,5.2.1,ES-23218,11,NA
576,es,Elasticsearch,Elasticsearch,5.2.1,ES-23218,12,NA
577,es,Elasticsearch,Elasticsearch,5.2.1,ES-23280,9,NA
578,es,Elasticsearch,Elasticsearch,5.2.1,ES-23280,10,NA
579,es,Elasticsearch,Elasticsearch,5.2.1,ES-23280,11,NA
580,es,Elasticsearch,Elasticsearch,5.2.1,ES-23280,12,NA
581,es,Elasticsearch,Elasticsearch,5.2.1,ES-23280,13,NA
582,es,Elasticsearch,Elasticsearch,5.2.1,ES-23280,14,NA
583,es,Elasticsearch,Elasticsearch,5.2.1,ES-23280,18,NA
584,es,Elasticsearch,Elasticsearch,5.2.1,ES-23280,21,NA
585,es,Elasticsearch,Elasticsearch,5.2.1,ES-23280,22,NA
586,es,Elasticsearch,Elasticsearch,5.2.1,ES-23280,23,NA
587,es,Elasticsearch,Elasticsearch,5.2.1,ES-23280,24,NA
588,es,Elasticsearch,Elasticsearch,5.2.1,ES-23280,25,NA
589,es,Elasticsearch,Elasticsearch,5.2.1,ES-23280,26,NA
590,es,Elasticsearch,Elasticsearch,5.2.1,ES-23280,27,NA
591,es,Elasticsearch,Elasticsearch,5.2.1,ES-23280,28,NA
592,es,Elasticsearch,Elasticsearch,5.2.1,ES-23280,29,NA
593,es,Elasticsearch,Elasticsearch,5.2.1,ES-23280,30,NA
594,es,Elasticsearch,Elasticsearch,5.1.1,ES-23324,1,Complex Code
595,es,Elasticsearch,Elasticsearch,5.1.1,ES-23324,2,Input Data Generation
596,es,Elasticsearch,Elasticsearch,5.2.1,ES-23381,1,NA
597,es,Elasticsearch,Elasticsearch,5.2.1,ES-23381,2,NA
598,es,Elasticsearch,Elasticsearch,5.2.1,ES-23381,3,NA
599,es,Elasticsearch,Elasticsearch,5.2.1,ES-23381,4,NA
600,es,Elasticsearch,Elasticsearch,5.2.1,ES-23381,5,NA
601,es,Elasticsearch,Elasticsearch,5.2.1,ES-23381,6,NA
602,es,Elasticsearch,Elasticsearch,5.2.1,ES-23381,7,NA
603,es,Elasticsearch,Elasticsearch,5.2.1,ES-23381,8,NA
604,es,Elasticsearch,Elasticsearch,5.2.1,ES-23381,9,NA
605,es,Elasticsearch,Elasticsearch,5.2.1,ES-23381,10,NA
606,es,Elasticsearch,Elasticsearch,5.2.1,ES-23381,11,NA
607,es,Elasticsearch,Elasticsearch,5.2.1,ES-23381,12,NA
608,es,Elasticsearch,Elasticsearch,5.2.1,ES-23381,13,NA
609,es,Elasticsearch,Elasticsearch,5.2.1,ES-23381,14,NA
610,es,Elasticsearch,Elasticsearch,5.2.2,ES-23505,7,NA
611,es,Elasticsearch,Elasticsearch,5.2.2,ES-23505,8,NA
612,es,Elasticsearch,Elasticsearch,5.2.2,ES-23505,9,NA
613,es,Elasticsearch,Elasticsearch,5.2.2,ES-23505,10,NA
614,es,Elasticsearch,Elasticsearch,5.2.2,ES-23628,1,NA
615,es,Elasticsearch,Elasticsearch,5.2.2,ES-23628,2,NA
616,es,Elasticsearch,Elasticsearch,5.2.2,ES-23628,3,NA
617,es,Elasticsearch,Elasticsearch,5.2.2,ES-23628,4,NA
618,es,Elasticsearch,Elasticsearch,5.2.2,ES-23628,6,NA
619,es,Elasticsearch,Elasticsearch,5.2.2,ES-23628,7,NA
620,es,Elasticsearch,Elasticsearch,5.2.2,ES-23628,8,NA
621,es,Elasticsearch,Elasticsearch,5.2.2,ES-23628,9,NA
622,es,Elasticsearch,Elasticsearch,5.2.2,ES-23628,10,NA
623,es,Elasticsearch,Elasticsearch,5.2.2,ES-23628,11,NA
624,es,Elasticsearch,Elasticsearch,5.2.2,ES-23628,12,NA
625,es,Elasticsearch,Elasticsearch,5.2.1,ES-23675,1,NA
626,es,Elasticsearch,Elasticsearch,5.2.1,ES-23675,2,NA
627,es,Elasticsearch,Elasticsearch,5.2.1,ES-23675,3,NA
628,es,Elasticsearch,Elasticsearch,5.2.1,ES-23675,4,NA
629,es,Elasticsearch,Elasticsearch,5.2.1,ES-23675,5,NA
630,es,Elasticsearch,Elasticsearch,5.2.1,ES-23675,6,NA
631,es,Elasticsearch,Elasticsearch,5.2.1,ES-23675,7,NA
632,es,Elasticsearch,Elasticsearch,5.2.1,ES-23675,8,NA
633,es,Elasticsearch,Elasticsearch,5.2.1,ES-23675,9,NA
634,es,Elasticsearch,Elasticsearch,5.2.1,ES-23675,10,NA
635,es,Elasticsearch,Elasticsearch,5.2.1,ES-23675,11,NA
636,es,Elasticsearch,Elasticsearch,5.2.1,ES-23675,12,NA
637,es,Elasticsearch,Elasticsearch,5.2.1,ES-23675,13,NA
638,es,Elasticsearch,Elasticsearch,5.2.1,ES-23675,14,NA
639,es,Elasticsearch,Elasticsearch,5.2.1,ES-23675,15,NA
640,es,Elasticsearch,Elasticsearch,5.2.1,ES-23675,16,NA
641,es,Elasticsearch,Elasticsearch,5.2.1,ES-23675,17,NA
642,es,Elasticsearch,Elasticsearch,5.2.1,ES-23675,18,NA
643,es,Elasticsearch,Elasticsearch,5.2.1,ES-23675,19,NA
644,es,Elasticsearch,Elasticsearch,5.2.1,ES-23675,20,NA
645,es,Elasticsearch,Elasticsearch,5.2.1,ES-23919,11,NA
646,es,Elasticsearch,Elasticsearch,5.2.1,ES-23919,12,NA
647,es,Elasticsearch,Elasticsearch,5.2.1,ES-23919,13,NA
648,es,Elasticsearch,Elasticsearch,5.2.1,ES-23919,14,NA
649,es,Elasticsearch,Elasticsearch,5.2.1,ES-23919,15,NA
650,es,Elasticsearch,Elasticsearch,5.2.1,ES-23919,16,NA
651,es,Elasticsearch,Elasticsearch,5.2.1,ES-23919,17,NA
652,es,Elasticsearch,Elasticsearch,5.2.1,ES-23919,18,NA
653,es,Elasticsearch,Elasticsearch,5.2.1,ES-23919,19,NA
654,es,Elasticsearch,Elasticsearch,5.2.1,ES-23919,20,NA
655,es,Elasticsearch,Elasticsearch,5.2.1,ES-23919,21,NA
656,es,Elasticsearch,Elasticsearch,5.2.1,ES-23919,22,NA
657,es,Elasticsearch,Elasticsearch,5.2.1,ES-23919,23,NA
658,es,Elasticsearch,Elasticsearch,5.2.1,ES-23919,24,NA
659,es,Elasticsearch,Elasticsearch,5.2.1,ES-23919,25,NA
660,es,Elasticsearch,Elasticsearch,5.2.1,ES-23919,26,NA
661,es,Elasticsearch,Elasticsearch,5.2.1,ES-23919,27,NA
662,es,Elasticsearch,Elasticsearch,5.2.1,ES-23919,28,NA
663,es,Elasticsearch,Elasticsearch,5.2.1,ES-23919,29,NA
664,es,Elasticsearch,Elasticsearch,5.2.1,ES-23919,30,NA
665,es,Elasticsearch,Elasticsearch,5.2.1,ES-23919,31,NA
666,es,Elasticsearch,Elasticsearch,5.2.1,ES-23919,32,NA
667,es,Elasticsearch,Elasticsearch,5.2.1,ES-23919,33,NA
668,es,Elasticsearch,Elasticsearch,5.2.1,ES-23919,34,NA
669,es,Elasticsearch,Elasticsearch,5.2.1,ES-23919,35,NA
670,es,Elasticsearch,Elasticsearch,5.2.1,ES-23919,36,NA
671,es,Elasticsearch,Elasticsearch,5.2.1,ES-23919,37,NA
672,es,Elasticsearch,Elasticsearch,5.2.1,ES-23919,38,NA
673,es,Elasticsearch,Elasticsearch,5.2.1,ES-23919,39,NA
674,es,Elasticsearch,Elasticsearch,5.2.1,ES-23919,40,NA
675,es,Elasticsearch,Elasticsearch,5.2.1,ES-23919,41,NA
676,es,Elasticsearch,Elasticsearch,5.2.1,ES-23919,42,NA
677,es,Elasticsearch,Elasticsearch,5.2.1,ES-23919,43,NA
678,es,Elasticsearch,Elasticsearch,5.2.1,ES-23919,44,NA
679,es,Elasticsearch,Elasticsearch,5.3.0,ES-24047,1,NA
680,es,Elasticsearch,Elasticsearch,5.3.0,ES-24047,2,NA
681,es,Elasticsearch,Elasticsearch,5.3.0,ES-24047,3,NA
682,es,Elasticsearch,Elasticsearch,5.3.0,ES-24047,4,NA
683,es,Elasticsearch,Elasticsearch,5.3.0,ES-24047,5,NA
684,es,Elasticsearch,Elasticsearch,5.3.0,ES-24047,6,NA
685,es,Elasticsearch,Elasticsearch,5.3.0,ES-24047,7,NA
686,es,Elasticsearch,Elasticsearch,5.3.0,ES-24047,8,NA
687,es,Elasticsearch,Elasticsearch,5.3.0,ES-24047,9,NA
688,es,Elasticsearch,Elasticsearch,5.3.0,ES-24047,10,NA
689,es,Elasticsearch,Elasticsearch,5.3.0,ES-24047,11,NA
690,es,Elasticsearch,Elasticsearch,5.3.0,ES-24047,12,NA
691,es,Elasticsearch,Elasticsearch,5.3.0,ES-24047,13,NA
692,es,Elasticsearch,Elasticsearch,5.3.0,ES-24047,14,NA
693,es,Elasticsearch,Elasticsearch,5.3.0,ES-24047,15,NA
694,es,Elasticsearch,Elasticsearch,5.3.0,ES-24047,16,NA
695,es,Elasticsearch,Elasticsearch,5.3.0,ES-24047,17,NA
696,es,Elasticsearch,Elasticsearch,5.3.0,ES-24047,18,NA
697,es,Elasticsearch,Elasticsearch,5.3.0,ES-24047,19,NA
698,es,Elasticsearch,Elasticsearch,5.3.0,ES-24047,20,NA
699,es,Elasticsearch,Elasticsearch,5.3.0,ES-24047,21,NA
700,es,Elasticsearch,Elasticsearch,5.3.0,ES-24047,22,NA
701,es,Elasticsearch,Elasticsearch,5.3.0,ES-24047,23,NA
702,es,Elasticsearch,Elasticsearch,5.3.0,ES-24047,24,NA
703,es,Elasticsearch,Elasticsearch,5.3.0,ES-24047,25,NA
704,es,Elasticsearch,Elasticsearch,5.3.0,ES-24047,26,NA
705,es,Elasticsearch,Elasticsearch,5.3.0,ES-24047,27,NA
706,es,Elasticsearch,Elasticsearch,5.3.0,ES-24047,28,NA
707,es,Elasticsearch,Elasticsearch,5.3.0,ES-24047,29,NA
708,es,Elasticsearch,Elasticsearch,5.3.0,ES-24047,30,NA
709,es,Elasticsearch,Elasticsearch,5.3.0,ES-24047,35,NA
710,es,Elasticsearch,Elasticsearch,5.3.1,ES-24259,1,Static Initialization
711,es,Elasticsearch,Elasticsearch,5.3.1,ES-24259,2,Unknown
712,es,Elasticsearch,Elasticsearch,5.3.1,ES-24259,3,Abstract Class
713,es,Elasticsearch,Elasticsearch,5.3.1,ES-24259,10,Complex Code
714,es,Elasticsearch,Elasticsearch,5.3.1,ES-24259,11,Input Data Generation
715,es,Elasticsearch,Elasticsearch,5.3.1,ES-24259,12,try/catch
716,es,Elasticsearch,Elasticsearch,5.3.1,ES-24259,13,Irrelevant Frame
717,es,Elasticsearch,Elasticsearch,5.3.1,ES-24259,14,Complex Code
718,es,Elasticsearch,Elasticsearch,5.3.1,ES-24259,15,Irrelevant Frame
719,es,Elasticsearch,Elasticsearch,5.3.1,ES-24259,16,Input Data Generation
720,es,Elasticsearch,Elasticsearch,5.3.1,ES-24259,17,Anonymous Class
721,es,Elasticsearch,Elasticsearch,5.3.1,ES-24259,18,Private Inner Class
722,es,Elasticsearch,Elasticsearch,5.3.1,ES-24259,19,Abstract Class
723,es,Elasticsearch,Elasticsearch,5.3.2,ES-24476,11,NA
724,es,Elasticsearch,Elasticsearch,5.3.2,ES-24476,12,NA
725,es,Elasticsearch,Elasticsearch,5.3.2,ES-24476,13,NA
726,es,Elasticsearch,Elasticsearch,5.3.2,ES-24476,14,NA
727,es,Elasticsearch,Elasticsearch,5.3.2,ES-24476,15,NA
728,es,Elasticsearch,Elasticsearch,5.3.2,ES-24476,16,NA
729,es,Elasticsearch,Elasticsearch,5.3.2,ES-24476,17,NA
730,es,Elasticsearch,Elasticsearch,5.3.2,ES-24476,18,NA
731,es,Elasticsearch,Elasticsearch,5.3.2,ES-24476,19,NA
732,es,Elasticsearch,Elasticsearch,5.3.2,ES-24476,20,NA
733,es,Elasticsearch,Elasticsearch,5.3.2,ES-24476,21,NA
734,es,Elasticsearch,Elasticsearch,5.3.2,ES-24476,22,NA
735,es,Elasticsearch,Elasticsearch,5.3.2,ES-24476,23,NA
736,es,Elasticsearch,Elasticsearch,5.3.2,ES-24476,24,NA
737,es,Elasticsearch,Elasticsearch,5.3.2,ES-24476,25,NA
738,es,Elasticsearch,Elasticsearch,5.3.2,ES-24476,26,NA
739,es,Elasticsearch,Elasticsearch,5.3.2,ES-24476,27,NA
740,es,Elasticsearch,Elasticsearch,5.3.2,ES-24476,28,NA
741,es,Elasticsearch,Elasticsearch,5.3.2,ES-24476,29,NA
742,es,Elasticsearch,Elasticsearch,5.0.2,ES-24485,1,NA
743,es,Elasticsearch,Elasticsearch,5.0.2,ES-24485,2,NA
744,es,Elasticsearch,Elasticsearch,5.0.2,ES-24485,3,NA
745,es,Elasticsearch,Elasticsearch,5.0.2,ES-24485,4,NA
746,es,Elasticsearch,Elasticsearch,5.0.2,ES-24485,5,NA
747,es,Elasticsearch,Elasticsearch,5.0.2,ES-24485,6,NA
748,es,Elasticsearch,Elasticsearch,5.0.2,ES-24485,7,NA
749,es,Elasticsearch,Elasticsearch,5.0.2,ES-24485,8,NA
750,es,Elasticsearch,Elasticsearch,5.0.2,ES-24485,9,NA
751,es,Elasticsearch,Elasticsearch,5.0.2,ES-24485,10,NA
752,es,Elasticsearch,Elasticsearch,5.0.2,ES-24485,11,NA
753,es,Elasticsearch,Elasticsearch,5.0.2,ES-24485,12,NA
754,es,Elasticsearch,Elasticsearch,5.0.2,ES-24485,13,NA
755,es,Elasticsearch,Elasticsearch,5.0.2,ES-24485,14,NA
756,es,Elasticsearch,Elasticsearch,5.0.2,ES-24485,21,NA
757,es,Elasticsearch,Elasticsearch,5.0.2,ES-24485,22,NA
758,es,Elasticsearch,Elasticsearch,5.0.2,ES-24485,23,NA
759,es,Elasticsearch,Elasticsearch,5.0.2,ES-24485,24,NA
760,es,Elasticsearch,Elasticsearch,5.0.2,ES-24485,25,NA
761,es,Elasticsearch,Elasticsearch,5.0.2,ES-24485,26,NA
762,es,Elasticsearch,Elasticsearch,5.0.2,ES-24485,27,NA
763,es,Elasticsearch,Elasticsearch,5.0.2,ES-24485,28,NA
764,es,Elasticsearch,Elasticsearch,5.0.2,ES-24485,29,NA
765,es,Elasticsearch,Elasticsearch,5.0.2,ES-24485,30,NA
766,es,Elasticsearch,Elasticsearch,5.3.0,ES-24674,6,Complex Code
767,es,Elasticsearch,Elasticsearch,5.3.0,ES-24674,7,Complex Code
768,es,Elasticsearch,Elasticsearch,5.3.0,ES-24674,8,Complex Code
769,es,Elasticsearch,Elasticsearch,5.3.0,ES-24674,9,try/catch
770,es,Elasticsearch,Elasticsearch,5.3.0,ES-24674,10,try/catch
771,es,Elasticsearch,Elasticsearch,5.3.0,ES-24674,11,Anonymous Class
772,es,Elasticsearch,Elasticsearch,5.3.0,ES-24674,12,Irrelevant Frame
773,es,Elasticsearch,Elasticsearch,5.3.0,ES-24674,13,Input Data Generation
774,es,Elasticsearch,Elasticsearch,5.3.0,ES-24674,14,Anonymous Class
775,es,Elasticsearch,Elasticsearch,5.3.0,ES-24674,15,Private Inner Class
776,es,Elasticsearch,Elasticsearch,5.3.0,ES-24674,16,Abstract Class
777,es,Elasticsearch,Elasticsearch,2.4.1,ES-24749,9,NA
778,es,Elasticsearch,Elasticsearch,2.4.1,ES-24749,10,NA
779,es,Elasticsearch,Elasticsearch,2.4.1,ES-24749,11,NA
780,es,Elasticsearch,Elasticsearch,2.4.1,ES-24749,12,NA
781,es,Elasticsearch,Elasticsearch,2.4.1,ES-24749,13,NA
782,es,Elasticsearch,Elasticsearch,2.4.1,ES-24749,14,NA
783,es,Elasticsearch,Elasticsearch,2.4.1,ES-24749,15,NA
784,es,Elasticsearch,Elasticsearch,2.4.1,ES-24749,16,NA
785,es,Elasticsearch,Elasticsearch,2.4.1,ES-24749,17,NA
786,es,Elasticsearch,Elasticsearch,2.4.1,ES-24749,18,NA
787,es,Elasticsearch,Elasticsearch,2.4.1,ES-24749,19,NA
788,es,Elasticsearch,Elasticsearch,2.4.1,ES-24749,20,NA
789,es,Elasticsearch,Elasticsearch,2.4.1,ES-24749,21,NA
790,es,Elasticsearch,Elasticsearch,2.4.1,ES-24749,22,NA
791,es,Elasticsearch,Elasticsearch,2.4.1,ES-24749,23,NA
792,es,Elasticsearch,Elasticsearch,2.4.1,ES-24749,24,NA
793,es,Elasticsearch,Elasticsearch,2.4.1,ES-24749,25,NA
794,es,Elasticsearch,Elasticsearch,2.4.1,ES-24749,26,NA
795,es,Elasticsearch,Elasticsearch,2.4.1,ES-24749,27,NA
796,es,Elasticsearch,Elasticsearch,2.4.1,ES-24749,28,NA
797,es,Elasticsearch,Elasticsearch,2.4.1,ES-24749,29,NA
798,es,Elasticsearch,Elasticsearch,2.4.1,ES-24749,30,NA
799,es,Elasticsearch,Elasticsearch,2.4.1,ES-24749,31,NA
800,es,Elasticsearch,Elasticsearch,2.4.1,ES-24749,32,NA
801,es,Elasticsearch,Elasticsearch,2.4.1,ES-24749,33,NA
802,es,Elasticsearch,Elasticsearch,2.4.1,ES-24749,34,NA
803,es,Elasticsearch,Elasticsearch,5.4.0,ES-24928,1,Complex Code
804,es,Elasticsearch,Elasticsearch,5.4.0,ES-24928,2,Abstract Class
805,es,Elasticsearch,Elasticsearch,5.4.0,ES-24968,1,Static Initialization
806,es,Elasticsearch,Elasticsearch,5.4.0,ES-24968,2,Anonymous Class
807,es,Elasticsearch,Elasticsearch,5.4.0,ES-24968,3,Abstract Class
808,es,Elasticsearch,Elasticsearch,5.4.0,ES-24968,4,Input Data Generation
809,es,Elasticsearch,Elasticsearch,5.4.0,ES-24968,5,try/catch
810,es,Elasticsearch,Elasticsearch,5.4.0,ES-24968,6,NA
811,es,Elasticsearch,Elasticsearch,5.4.0,ES-24968,7,NA
812,es,Elasticsearch,Elasticsearch,5.4.0,ES-24968,12,NA
813,es,Elasticsearch,Elasticsearch,5.4.1,ES-25359,1,NA
814,es,Elasticsearch,Elasticsearch,5.4.1,ES-25359,2,NA
815,es,Elasticsearch,Elasticsearch,5.4.1,ES-25359,3,NA
816,es,Elasticsearch,Elasticsearch,5.4.1,ES-25359,4,NA
817,es,Elasticsearch,Elasticsearch,5.4.1,ES-25359,5,NA
818,es,Elasticsearch,Elasticsearch,5.4.1,ES-25359,6,NA
819,es,Elasticsearch,Elasticsearch,5.4.1,ES-25359,7,NA
820,es,Elasticsearch,Elasticsearch,5.4.1,ES-25359,8,NA
821,es,Elasticsearch,Elasticsearch,5.4.1,ES-25359,9,NA
822,es,Elasticsearch,Elasticsearch,5.4.1,ES-25359,10,NA
823,es,Elasticsearch,Elasticsearch,5.4.1,ES-25359,11,NA
824,es,Elasticsearch,Elasticsearch,5.4.1,ES-25359,12,NA
825,es,Elasticsearch,Elasticsearch,5.4.1,ES-25359,13,NA
826,es,Elasticsearch,Elasticsearch,5.4.1,ES-25359,14,NA
827,es,Elasticsearch,Elasticsearch,5.4.1,ES-25359,15,NA
828,es,Elasticsearch,Elasticsearch,5.4.1,ES-25359,16,NA
829,es,Elasticsearch,Elasticsearch,5.4.1,ES-25359,17,NA
830,es,Elasticsearch,Elasticsearch,5.4.1,ES-25359,18,NA
831,es,Elasticsearch,Elasticsearch,5.4.1,ES-25359,19,NA
832,es,Elasticsearch,Elasticsearch,5.4.1,ES-25359,20,NA
833,es,Elasticsearch,Elasticsearch,5.4.1,ES-25359,21,NA
834,es,Elasticsearch,Elasticsearch,5.4.1,ES-25359,22,NA
835,es,Elasticsearch,Elasticsearch,5.4.1,ES-25359,23,NA
836,es,Elasticsearch,Elasticsearch,5.4.1,ES-25359,24,NA
837,es,Elasticsearch,Elasticsearch,5.4.1,ES-25359,25,NA
838,es,Elasticsearch,Elasticsearch,5.4.1,ES-25359,26,NA
839,es,Elasticsearch,Elasticsearch,5.4.1,ES-25359,27,NA
840,es,Elasticsearch,Elasticsearch,5.4.1,ES-25359,28,NA
841,es,Elasticsearch,Elasticsearch,5.4.1,ES-25359,29,NA
842,es,Elasticsearch,Elasticsearch,5.6.0,ES-25666,1,NA
843,es,Elasticsearch,Elasticsearch,5.6.0,ES-25666,2,NA
844,es,Elasticsearch,Elasticsearch,5.6.0,ES-25666,3,NA
845,es,Elasticsearch,Elasticsearch,5.6.0,ES-25666,4,NA
846,es,Elasticsearch,Elasticsearch,2.4.1,ES-25775,1,NA
847,es,Elasticsearch,Elasticsearch,2.4.1,ES-25775,2,NA
848,es,Elasticsearch,Elasticsearch,5.5.0,ES-25849,3,NA
849,es,Elasticsearch,Elasticsearch,5.5.0,ES-25849,4,NA
850,es,Elasticsearch,Elasticsearch,5.5.0,ES-25849,5,NA
851,es,Elasticsearch,Elasticsearch,5.5.0,ES-25849,6,NA
852,es,Elasticsearch,Elasticsearch,5.5.0,ES-25849,7,NA
853,es,Elasticsearch,Elasticsearch,5.5.0,ES-25849,8,NA
854,es,Elasticsearch,Elasticsearch,5.5.0,ES-25849,9,NA
855,es,Elasticsearch,Elasticsearch,5.5.0,ES-25849,10,NA
856,es,Elasticsearch,Elasticsearch,5.5.0,ES-25878,2,NA
857,es,Elasticsearch,Elasticsearch,5.5.0,ES-25878,3,NA
858,es,Elasticsearch,Elasticsearch,5.5.0,ES-25878,4,NA
859,es,Elasticsearch,Elasticsearch,5.5.0,ES-25878,5,NA
860,es,Elasticsearch,Elasticsearch,5.5.0,ES-25878,6,NA
861,es,Elasticsearch,Elasticsearch,5.5.0,ES-25878,7,NA
862,es,Elasticsearch,Elasticsearch,5.5.0,ES-25878,8,NA
863,es,Elasticsearch,Elasticsearch,5.5.0,ES-25878,9,NA
864,es,Elasticsearch,Elasticsearch,5.5.0,ES-25878,10,NA
865,es,Elasticsearch,Elasticsearch,5.5.0,ES-25878,11,NA
866,es,Elasticsearch,Elasticsearch,5.5.0,ES-25878,12,NA
867,es,Elasticsearch,Elasticsearch,5.5.0,ES-25878,13,NA
868,es,Elasticsearch,Elasticsearch,5.5.0,ES-25878,14,NA
869,es,Elasticsearch,Elasticsearch,5.5.0,ES-25878,15,NA
870,es,Elasticsearch,Elasticsearch,5.5.0,ES-25905,9,NA
871,es,Elasticsearch,Elasticsearch,5.5.1,ES-25920,1,Complex Code
872,es,Elasticsearch,Elasticsearch,5.4.1,ES-25933,1,NA
873,es,Elasticsearch,Elasticsearch,5.4.1,ES-25933,2,NA
874,es,Elasticsearch,Elasticsearch,5.4.1,ES-25933,3,NA
875,es,Elasticsearch,Elasticsearch,5.4.1,ES-25933,4,NA
876,es,Elasticsearch,Elasticsearch,5.4.1,ES-25933,5,NA
877,es,Elasticsearch,Elasticsearch,5.5.0,ES-26162,2,NA
878,es,Elasticsearch,Elasticsearch,5.5.0,ES-26162,3,NA
879,es,Elasticsearch,Elasticsearch,5.5.0,ES-26162,4,NA
880,es,Elasticsearch,Elasticsearch,5.5.0,ES-26162,5,NA
881,es,Elasticsearch,Elasticsearch,5.5.0,ES-26162,6,NA
882,es,Elasticsearch,Elasticsearch,5.5.0,ES-26162,7,NA
883,es,Elasticsearch,Elasticsearch,5.5.0,ES-26162,8,NA
884,es,Elasticsearch,Elasticsearch,5.5.0,ES-26162,9,NA
885,es,Elasticsearch,Elasticsearch,5.5.0,ES-26162,10,NA
886,es,Elasticsearch,Elasticsearch,5.5.0,ES-26162,11,NA
887,es,Elasticsearch,Elasticsearch,5.5.0,ES-26162,12,NA
888,es,Elasticsearch,Elasticsearch,5.5.0,ES-26162,13,NA
889,es,Elasticsearch,Elasticsearch,5.5.0,ES-26162,14,NA
890,es,Elasticsearch,Elasticsearch,5.5.0,ES-26162,15,NA
891,es,Elasticsearch,Elasticsearch,5.5.1,ES-26184,1,Anonymous Class
892,es,Elasticsearch,Elasticsearch,5.5.1,ES-26184,2,Anonymous Class
893,es,Elasticsearch,Elasticsearch,5.5.1,ES-26184,3,Irrelevant Frame
894,es,Elasticsearch,Elasticsearch,5.5.1,ES-26184,4,Complex Code
895,es,Elasticsearch,Elasticsearch,5.5.1,ES-26184,5,Complex Code
896,es,Elasticsearch,Elasticsearch,5.5.1,ES-26184,6,Anonymous Class
897,es,Elasticsearch,Elasticsearch,5.5.1,ES-26184,7,Irrelevant Frame
898,es,Elasticsearch,Elasticsearch,5.5.1,ES-26184,8,Input Data Generation
899,es,Elasticsearch,Elasticsearch,5.5.1,ES-26184,9,Complex Code
900,es,Elasticsearch,Elasticsearch,5.5.1,ES-26191,1,NA
901,es,Elasticsearch,Elasticsearch,5.5.1,ES-26191,2,NA
902,es,Elasticsearch,Elasticsearch,5.5.1,ES-26191,3,NA
903,es,Elasticsearch,Elasticsearch,5.5.1,ES-26191,4,NA
904,es,Elasticsearch,Elasticsearch,5.5.1,ES-26191,5,NA
905,es,Elasticsearch,Elasticsearch,5.5.1,ES-26191,6,NA
906,es,Elasticsearch,Elasticsearch,5.5.1,ES-26191,7,NA
907,es,Elasticsearch,Elasticsearch,5.5.1,ES-26191,8,NA
908,es,Elasticsearch,Elasticsearch,5.5.1,ES-26191,9,NA
909,es,Elasticsearch,Elasticsearch,6.0.1,ES-26429,1,NA
910,es,Elasticsearch,Elasticsearch,6.0.1,ES-26429,2,NA
911,es,Elasticsearch,Elasticsearch,6.0.1,ES-26429,3,NA
912,es,Elasticsearch,Elasticsearch,6.0.1,ES-26429,4,NA
913,es,Elasticsearch,Elasticsearch,6.0.1,ES-26429,5,NA
914,es,Elasticsearch,Elasticsearch,6.0.1,ES-26429,6,NA
915,es,Elasticsearch,Elasticsearch,6.0.1,ES-26429,7,NA
916,es,Elasticsearch,Elasticsearch,6.0.1,ES-26429,8,NA
917,es,Elasticsearch,Elasticsearch,6.0.1,ES-26429,9,NA
918,es,Elasticsearch,Elasticsearch,6.0.1,ES-26429,10,NA
919,es,Elasticsearch,Elasticsearch,6.0.1,ES-26429,11,NA
920,es,Elasticsearch,Elasticsearch,6.0.1,ES-26429,12,NA
921,es,Elasticsearch,Elasticsearch,6.0.1,ES-26429,13,NA
922,es,Elasticsearch,Elasticsearch,6.0.1,ES-26429,14,NA
923,es,Elasticsearch,Elasticsearch,5.5.2,ES-26513,17,NA
924,es,Elasticsearch,Elasticsearch,5.5.2,ES-26513,18,NA
925,es,Elasticsearch,Elasticsearch,5.5.2,ES-26513,19,NA
926,es,Elasticsearch,Elasticsearch,5.5.2,ES-26513,22,NA
927,es,Elasticsearch,Elasticsearch,5.5.2,ES-26513,23,NA
928,es,Elasticsearch,Elasticsearch,5.5.2,ES-26513,24,NA
929,es,Elasticsearch,Elasticsearch,5.5.2,ES-26513,25,NA
930,es,Elasticsearch,Elasticsearch,5.5.2,ES-26513,26,NA
931,es,Elasticsearch,Elasticsearch,5.5.2,ES-26513,27,NA
932,es,Elasticsearch,Elasticsearch,5.5.2,ES-26513,28,NA
933,es,Elasticsearch,Elasticsearch,5.5.2,ES-26513,29,NA
934,es,Elasticsearch,Elasticsearch,5.5.2,ES-26513,30,NA
935,es,Elasticsearch,Elasticsearch,5.5.2,ES-26513,31,NA
936,es,Elasticsearch,Elasticsearch,5.5.2,ES-26513,32,NA
937,es,Elasticsearch,Elasticsearch,5.5.2,ES-26513,33,NA
938,es,Elasticsearch,Elasticsearch,5.5.3,ES-26651,1,Complex Code
939,es,Elasticsearch,Elasticsearch,5.5.3,ES-26651,2,Static Initialization
940,es,Elasticsearch,Elasticsearch,5.5.3,ES-26651,3,Complex Code
941,es,Elasticsearch,Elasticsearch,5.5.3,ES-26651,4,Complex Code
942,es,Elasticsearch,Elasticsearch,5.5.3,ES-26651,5,Complex Code
943,es,Elasticsearch,Elasticsearch,5.5.3,ES-26651,6,Complex Code
944,es,Elasticsearch,Elasticsearch,5.5.3,ES-26651,7,Irrelevant Frame
945,es,Elasticsearch,Elasticsearch,5.5.3,ES-26651,8,Complex Code
946,es,Elasticsearch,Elasticsearch,5.5.3,ES-26651,9,try/catch
947,es,Elasticsearch,Elasticsearch,5.6.2,ES-26833,3,NA
948,es,Elasticsearch,Elasticsearch,5.6.2,ES-26833,4,NA
949,es,Elasticsearch,Elasticsearch,5.6.2,ES-26833,5,NA
950,es,Elasticsearch,Elasticsearch,5.6.2,ES-26833,6,NA
951,es,Elasticsearch,Elasticsearch,5.6.2,ES-26833,7,NA
952,es,Elasticsearch,Elasticsearch,5.6.2,ES-26833,8,NA
953,es,Elasticsearch,Elasticsearch,5.6.2,ES-26833,9,NA
954,es,Elasticsearch,Elasticsearch,5.6.2,ES-26833,10,NA
955,es,Elasticsearch,Elasticsearch,5.6.2,ES-26865,12,NA
956,es,Elasticsearch,Elasticsearch,5.6.2,ES-26865,13,NA
957,es,Elasticsearch,Elasticsearch,5.6.2,ES-26865,14,NA
958,es,Elasticsearch,Elasticsearch,5.6.2,ES-26865,15,NA
959,es,Elasticsearch,Elasticsearch,5.6.2,ES-26865,16,NA
960,es,Elasticsearch,Elasticsearch,5.6.2,ES-26865,17,NA
961,es,Elasticsearch,Elasticsearch,5.6.2,ES-26865,18,NA
962,es,Elasticsearch,Elasticsearch,5.6.2,ES-26865,19,NA
963,es,Elasticsearch,Elasticsearch,5.6.2,ES-26865,20,NA
964,es,Elasticsearch,Elasticsearch,5.6.2,ES-26865,21,NA
965,es,Elasticsearch,Elasticsearch,5.6.2,ES-26868,28,NA
966,es,Elasticsearch,Elasticsearch,5.6.2,ES-26868,29,NA
967,es,Elasticsearch,Elasticsearch,5.6.2,ES-26868,30,NA
968,es,Elasticsearch,Elasticsearch,5.6.2,ES-26868,33,NA
969,es,Elasticsearch,Elasticsearch,5.6.2,ES-26868,34,NA
970,es,Elasticsearch,Elasticsearch,5.6.2,ES-26868,35,NA
971,es,Elasticsearch,Elasticsearch,5.6.2,ES-26868,36,NA
972,es,Elasticsearch,Elasticsearch,5.6.2,ES-26868,37,NA
973,es,Elasticsearch,Elasticsearch,5.6.2,ES-26868,38,NA
974,es,Elasticsearch,Elasticsearch,5.5.2,ES-27046,1,Complex Code
975,es,Elasticsearch,Elasticsearch,5.5.2,ES-27046,2,Anonymous Class
976,es,Elasticsearch,Elasticsearch,5.5.2,ES-27046,3,Irrelevant Frame
977,es,Elasticsearch,Elasticsearch,5.5.2,ES-27046,4,Abstract Class
978,es,Elasticsearch,Elasticsearch,5.5.2,ES-27046,5,Abstract Class
979,es,Elasticsearch,Elasticsearch,5.5.2,ES-27046,6,Anonymous Class
980,es,Elasticsearch,Elasticsearch,5.5.2,ES-27046,7,Irrelevant Frame
981,es,Elasticsearch,Elasticsearch,5.5.2,ES-27046,8,Abstract Class
982,es,Elasticsearch,Elasticsearch,5.5.2,ES-27046,9,Abstract Class
983,es,Elasticsearch,Elasticsearch,5.5.2,ES-27046,10,Abstract Class
984,es,Elasticsearch,Elasticsearch,5.5.2,ES-27046,11,Unknown
985,es,Elasticsearch,Elasticsearch,5.5.2,ES-27046,12,Anonymous Class
986,es,Elasticsearch,Elasticsearch,5.5.2,ES-27046,13,Anonymous Class
987,es,Elasticsearch,Elasticsearch,5.5.2,ES-27046,14,Anonymous Class
988,es,Elasticsearch,Elasticsearch,5.5.2,ES-27046,15,Unknown
989,es,Elasticsearch,Elasticsearch,5.5.2,ES-27046,16,Complex Code
990,es,Elasticsearch,Elasticsearch,5.5.2,ES-27046,17,NA
991,es,Elasticsearch,Elasticsearch,5.6.3,ES-27055,1,Static Initialization
992,es,Elasticsearch,Elasticsearch,5.6.3,ES-27055,2,Complex Code
993,es,Elasticsearch,Elasticsearch,5.6.3,ES-27055,3,Complex Code
994,es,Elasticsearch,Elasticsearch,5.6.3,ES-27055,4,NA
995,es,Elasticsearch,Elasticsearch,5.6.3,ES-27055,5,NA
996,es,Elasticsearch,Elasticsearch,5.6.3,ES-27055,6,NA
997,es,Elasticsearch,Elasticsearch,6.1.0,ES-27131,8,NA
998,es,Elasticsearch,Elasticsearch,6.1.0,ES-27131,9,NA
999,es,Elasticsearch,Elasticsearch,6.1.0,ES-27131,19,NA
1000,es,Elasticsearch,Elasticsearch,6.1.0,ES-27131,21,NA
1001,es,Elasticsearch,Elasticsearch,6.1.0,ES-27131,22,NA
1002,es,Elasticsearch,Elasticsearch,6.1.0,ES-27131,23,NA
1003,es,Elasticsearch,Elasticsearch,6.1.0,ES-27131,24,NA
1004,es,Elasticsearch,Elasticsearch,6.1.0,ES-27131,25,NA
1005,es,Elasticsearch,Elasticsearch,6.1.0,ES-27131,26,NA
1006,es,Elasticsearch,Elasticsearch,6.1.0,ES-27131,27,NA
1007,es,Elasticsearch,Elasticsearch,6.1.0,ES-27131,28,NA
1008,es,Elasticsearch,Elasticsearch,6.1.0,ES-27131,29,NA
1009,es,Elasticsearch,Elasticsearch,6.1.0,ES-27131,30,NA
1010,es,Elasticsearch,Elasticsearch,6.1.0,ES-27131,31,NA
1011,es,Elasticsearch,Elasticsearch,6.1.0,ES-27131,32,NA
1012,es,Elasticsearch,Elasticsearch,5.3.0,ES-27244,1,NA
1013,es,Elasticsearch,Elasticsearch,5.3.0,ES-27244,2,NA
1014,es,Elasticsearch,Elasticsearch,5.3.0,ES-27244,3,NA
1015,es,Elasticsearch,Elasticsearch,5.3.0,ES-27244,4,NA
1016,es,Elasticsearch,Elasticsearch,5.3.0,ES-27244,5,NA
1017,es,Elasticsearch,Elasticsearch,6.0.0,ES-27788,2,NA
1018,es,Elasticsearch,Elasticsearch,6.0.0,ES-27788,3,NA
1019,es,Elasticsearch,Elasticsearch,6.0.0,ES-27788,4,NA
1020,es,Elasticsearch,Elasticsearch,6.0.0,ES-27788,5,NA
1021,es,Elasticsearch,Elasticsearch,6.0.0,ES-27788,6,NA
1022,es,Elasticsearch,Elasticsearch,6.0.0,ES-27788,7,NA
1023,es,Elasticsearch,Elasticsearch,6.0.0,ES-27788,8,NA
1024,es,Elasticsearch,Elasticsearch,6.0.0,ES-27788,9,NA
1025,es,Elasticsearch,Elasticsearch,6.0.0,ES-27788,10,NA
1026,es,Elasticsearch,Elasticsearch,6.0.0,ES-27788,11,NA
1027,es,Elasticsearch,Elasticsearch,6.0.0,ES-27788,12,NA
1028,es,Elasticsearch,Elasticsearch,6.0.0,ES-27788,13,NA
1029,es,Elasticsearch,Elasticsearch,6.0.0,ES-27788,14,NA
1030,es,Elasticsearch,Elasticsearch,6.0.0,ES-27788,15,NA
1031,es,Elasticsearch,Elasticsearch,6.0.0,ES-27788,16,NA
1032,es,Elasticsearch,Elasticsearch,5.6.6,ES-28141,1,NA
1033,es,Elasticsearch,Elasticsearch,5.6.6,ES-28141,2,NA
1034,es,Elasticsearch,Elasticsearch,6.1.2,ES-28380,1,NA
1035,es,Elasticsearch,Elasticsearch,6.1.2,ES-28380,2,NA
1036,es,Elasticsearch,Elasticsearch,6.1.2,ES-28380,3,NA
1037,es,Elasticsearch,Elasticsearch,6.1.2,ES-28380,4,NA
1038,es,Elasticsearch,Elasticsearch,6.1.2,ES-28380,5,NA
1039,es,Elasticsearch,Elasticsearch,6.1.2,ES-28380,6,NA
1040,es,Elasticsearch,Elasticsearch,6.1.2,ES-28380,7,NA
1041,es,Elasticsearch,Elasticsearch,6.1.2,ES-28380,8,NA
1042,es,Elasticsearch,Elasticsearch,1.4.5,ES-9379,2,NA
1043,es,Elasticsearch,Elasticsearch,1.4.5,ES-9379,3,NA
1044,es,Elasticsearch,Elasticsearch,1.4.5,ES-9379,7,NA
1045,es,Elasticsearch,Elasticsearch,1.4.5,ES-9379,8,NA
1046,es,Elasticsearch,Elasticsearch,1.4.5,ES-9379,9,NA
1047,es,Elasticsearch,Elasticsearch,1.4.5,ES-9379,10,NA
1048,es,Elasticsearch,Elasticsearch,1.4.5,ES-9379,11,NA
1049,es,Elasticsearch,Elasticsearch,1.4.5,ES-9379,12,NA
1050,xwiki,XWiki,XWiki,8.2.1,XCOMMONS-1057,2,NA
1051,xwiki,XWiki,XWiki,8.2.1,XCOMMONS-1057,3,NA
1052,xwiki,XWiki,XWiki,8.2.1,XCOMMONS-1057,4,NA
1053,xwiki,XWiki,XWiki,8.2.1,XCOMMONS-1057,5,NA
1054,xwiki,XWiki,XWiki,8.2.1,XCOMMONS-1057,6,NA
1055,xwiki,XWiki,XWiki,8.2.1,XCOMMONS-1057,7,NA
1056,xwiki,XWiki,XWiki,8.2.1,XCOMMONS-1057,8,NA
1057,xwiki,XWiki,XWiki,7.4.2,XCOMMONS-928,1,Input Data Generation
1058,xwiki,XWiki,XWiki,7.4.2,XCOMMONS-928,2,Input Data Generation
1059,xwiki,XWiki,XWiki,7.4.2,XCOMMONS-928,3,Input Data Generation
1060,xwiki,XWiki,XWiki,7.4.2,XCOMMONS-928,4,Input Data Generation
1061,xwiki,XWiki,XWiki,7.4.2,XCOMMONS-928,5,Input Data Generation
1062,xwiki,XWiki,XWiki,7.4.2,XCOMMONS-928,6,Input Data Generation
1063,xwiki,XWiki,XWiki,7.4.2,XCOMMONS-928,7,Input Data Generation
1064,xwiki,XWiki,XWiki,7.4.2,XCOMMONS-928,8,Input Data Generation
1065,xwiki,XWiki,XWiki,7.4.2,XCOMMONS-928,9,Input Data Generation
1066,xwiki,XWiki,XWiki,7.4.2,XCOMMONS-928,10,Input Data Generation
1067,xwiki,XWiki,XWiki,7.4.2,XCOMMONS-928,11,Input Data Generation
1068,xwiki,XWiki,XWiki,7.4.2,XCOMMONS-928,12,Input Data Generation
1069,xwiki,XWiki,XWiki,7.4.2,XCOMMONS-928,13,Complex Code
1070,xwiki,XWiki,XWiki,7.3,XRENDERING-418,1,Input Data Generation
1071,xwiki,XWiki,XWiki,7.3,XRENDERING-418,2,Environmental Dependencies
1072,xwiki,XWiki,XWiki,7.3,XRENDERING-418,3,Environmental Dependencies
1073,xwiki,XWiki,XWiki,7.3,XRENDERING-418,4,Input Data Generation
1074,xwiki,XWiki,XWiki,7.3,XRENDERING-418,5,Complex Code
1075,xwiki,XWiki,XWiki,7.3,XRENDERING-418,6,Input Data Generation
1076,xwiki,XWiki,XWiki,7.3,XRENDERING-418,7,Input Data Generation
1077,xwiki,XWiki,XWiki,7.3,XRENDERING-418,8,Input Data Generation
1078,xwiki,XWiki,XWiki,7.3,XRENDERING-418,9,Input Data Generation
1079,xwiki,XWiki,XWiki,7.3,XRENDERING-418,10,Input Data Generation
1080,xwiki,XWiki,XWiki,7.3,XRENDERING-418,11,Input Data Generation
1081,xwiki,XWiki,XWiki,7.3,XRENDERING-418,12,Input Data Generation
1082,xwiki,XWiki,XWiki,7.3,XRENDERING-418,13,Input Data Generation
1083,xwiki,XWiki,XWiki,7.3,XRENDERING-418,14,Input Data Generation
1084,xwiki,XWiki,XWiki,7.3,XRENDERING-418,15,Input Data Generation
1085,xwiki,XWiki,XWiki,7.3,XRENDERING-418,16,Input Data Generation
1086,xwiki,XWiki,XWiki,7.3,XRENDERING-418,17,Input Data Generation
1087,xwiki,XWiki,XWiki,7.3,XRENDERING-418,18,Input Data Generation
1088,xwiki,XWiki,XWiki,7.3,XRENDERING-418,19,Input Data Generation
1089,xwiki,XWiki,XWiki,7.3,XRENDERING-418,20,Input Data Generation
1090,xwiki,XWiki,XWiki,7.3,XRENDERING-418,21,Environmental Dependencies
1091,xwiki,XWiki,XWiki,7.3,XRENDERING-418,22,Input Data Generation
1092,xwiki,XWiki,XWiki,7.3,XRENDERING-418,23,Input Data Generation
1093,xwiki,XWiki,XWiki,7.3,XRENDERING-418,24,Input Data Generation
1094,xwiki,XWiki,XWiki,7.3,XRENDERING-418,25,Input Data Generation
1095,xwiki,XWiki,XWiki,7.3,XRENDERING-418,26,Input Data Generation
1096,xwiki,XWiki,XWiki,7.3,XRENDERING-418,27,Input Data Generation
1097,xwiki,XWiki,XWiki,7.3,XRENDERING-418,29,NA
1098,xwiki,XWiki,XWiki,7.3,XRENDERING-418,31,NA
1099,xwiki,XWiki,XWiki,7.3,XRENDERING-418,33,NA
1100,xwiki,XWiki,XWiki,7.3,XRENDERING-418,34,NA
1101,xwiki,XWiki,XWiki,7.3,XRENDERING-418,35,NA
1102,xwiki,XWiki,XWiki,7.3,XRENDERING-418,36,NA
1103,xwiki,XWiki,XWiki,7.3,XRENDERING-418,37,Input Data Generation
1104,xwiki,XWiki,XWiki,7.3,XRENDERING-418,38,NA
1105,xwiki,XWiki,XWiki,7.3,XRENDERING-418,41,Input Data Generation
1106,xwiki,XWiki,XWiki,7.3,XRENDERING-418,44,Input Data Generation
1107,xwiki,XWiki,XWiki,7.3,XRENDERING-418,47,NA
1108,xwiki,XWiki,XWiki,7.3,XRENDERING-418,50,NA
1109,xwiki,XWiki,XWiki,7.3,XRENDERING-418,53,NA
1110,xwiki,XWiki,XWiki,7.3,XRENDERING-422,6,NA
1111,xwiki,XWiki,XWiki,7.3,XRENDERING-422,7,NA
1112,xwiki,XWiki,XWiki,7.3,XRENDERING-422,8,NA
1113,xwiki,XWiki,XWiki,7.3,XRENDERING-422,9,NA
1114,xwiki,XWiki,XWiki,7.3,XRENDERING-422,10,NA
1115,xwiki,XWiki,XWiki,7.3,XRENDERING-422,11,NA
1116,xwiki,XWiki,XWiki,7.3,XRENDERING-422,12,NA
1117,xwiki,XWiki,XWiki,7.3,XRENDERING-422,13,NA
1118,xwiki,XWiki,XWiki,7.3,XRENDERING-422,14,NA
1119,xwiki,XWiki,XWiki,7.3,XRENDERING-422,15,NA
1120,xwiki,XWiki,XWiki,7.3,XRENDERING-422,17,NA
1121,xwiki,XWiki,XWiki,7.3,XRENDERING-422,18,NA
1122,xwiki,XWiki,XWiki,7.3,XRENDERING-422,19,NA
1123,xwiki,XWiki,XWiki,7.3,XRENDERING-422,20,NA
1124,xwiki,XWiki,XWiki,7.3,XRENDERING-422,21,NA
1125,xwiki,XWiki,XWiki,7.3,XRENDERING-422,23,NA
1126,xwiki,XWiki,XWiki,7.3,XRENDERING-422,25,NA
1127,xwiki,XWiki,XWiki,7.3,XRENDERING-422,35,NA
1128,xwiki,XWiki,XWiki,7.3,XRENDERING-422,37,NA
1129,xwiki,XWiki,XWiki,7.3,XRENDERING-422,39,NA
1130,xwiki,XWiki,XWiki,7.3,XRENDERING-422,40,NA
1131,xwiki,XWiki,XWiki,9.6,XRENDERING-481,1,NA
1132,xwiki,XWiki,XWiki,9.6,XRENDERING-481,2,NA
1133,xwiki,XWiki,XWiki,9.6,XRENDERING-481,3,NA
1134,xwiki,XWiki,XWiki,9.6,XRENDERING-481,4,NA
1135,xwiki,XWiki,XWiki,9.6,XRENDERING-481,5,NA
1136,xwiki,XWiki,XWiki,9.6,XRENDERING-481,6,NA
1137,xwiki,XWiki,XWiki,9.6,XRENDERING-481,7,NA
1138,xwiki,XWiki,XWiki,9.6,XRENDERING-481,8,NA
1139,xwiki,XWiki,XWiki,9.6,XRENDERING-481,9,NA
1140,xwiki,XWiki,XWiki,9.6,XRENDERING-481,10,NA
1141,xwiki,XWiki,XWiki,9.6,XRENDERING-481,11,NA
1142,xwiki,XWiki,XWiki,9.6,XRENDERING-481,12,NA
1143,xwiki,XWiki,XWiki,9.6,XRENDERING-481,13,NA
1144,xwiki,XWiki,XWiki,9.6,XRENDERING-481,14,NA
1145,xwiki,XWiki,XWiki,9.6,XRENDERING-481,15,NA
1146,xwiki,XWiki,XWiki,9.6,XRENDERING-481,29,NA
1147,xwiki,XWiki,XWiki,9.6,XRENDERING-481,32,NA
1148,xwiki,XWiki,XWiki,9.6,XRENDERING-481,33,NA
1149,xwiki,XWiki,XWiki,9.6,XRENDERING-481,34,NA
1150,xwiki,XWiki,XWiki,9.6,XRENDERING-481,35,NA
1151,xwiki,XWiki,XWiki,9.6,XRENDERING-481,36,NA
1152,xwiki,XWiki,XWiki,9.6,XRENDERING-481,37,NA
1153,xwiki,XWiki,XWiki,9.6,XRENDERING-481,38,NA
1154,xwiki,XWiki,XWiki,9.6,XRENDERING-481,39,NA
1155,xwiki,XWiki,XWiki,9.6,XRENDERING-481,40,NA
1156,xwiki,XWiki,XWiki,9.6,XRENDERING-481,41,NA
1157,xwiki,XWiki,XWiki,9.6,XRENDERING-481,42,NA
1158,xwiki,XWiki,XWiki,9.6,XRENDERING-481,43,NA
1159,xwiki,XWiki,XWiki,9.6,XRENDERING-481,44,NA
1160,xwiki,XWiki,XWiki,9.6,XRENDERING-481,45,NA
1161,xwiki,XWiki,XWiki,9.6,XRENDERING-481,60,NA
1162,xwiki,XWiki,XWiki,9.6,XRENDERING-481,61,NA
1163,xwiki,XWiki,XWiki,9.6,XRENDERING-481,62,NA
1164,xwiki,XWiki,XWiki,9.6,XRENDERING-481,63,NA
1165,xwiki,XWiki,XWiki,9.6,XRENDERING-481,64,NA
1166,xwiki,XWiki,XWiki,9.6,XRENDERING-481,65,NA
1167,xwiki,XWiki,XWiki,9.6,XRENDERING-481,66,NA
1168,xwiki,XWiki,XWiki,9.6,XRENDERING-481,67,NA
1169,xwiki,XWiki,XWiki,9.6,XRENDERING-481,68,NA
1170,xwiki,XWiki,XWiki,9.6,XRENDERING-481,69,NA
1171,xwiki,XWiki,XWiki,9.6,XRENDERING-481,70,NA
1172,xwiki,XWiki,XWiki,9.6,XRENDERING-481,71,NA
1173,xwiki,XWiki,XWiki,9.6,XRENDERING-481,72,NA
1174,xwiki,XWiki,XWiki,9.6,XRENDERING-481,73,NA
1175,xwiki,XWiki,XWiki,9.6,XRENDERING-481,93,NA
1176,xwiki,XWiki,XWiki,9.6,XRENDERING-481,94,NA
1177,xwiki,XWiki,XWiki,9.6,XRENDERING-481,95,NA
1178,xwiki,XWiki,XWiki,9.6,XRENDERING-481,96,NA
1179,xwiki,XWiki,XWiki,9.6,XRENDERING-481,97,NA
1180,xwiki,XWiki,XWiki,9.6,XRENDERING-481,98,NA
1181,xwiki,XWiki,XWiki,9.6,XRENDERING-481,99,NA
1182,xwiki,XWiki,XWiki,9.6,XRENDERING-481,100,NA
1183,xwiki,XWiki,XWiki,9.6,XRENDERING-481,101,NA
1184,xwiki,XWiki,XWiki,9.6,XRENDERING-481,102,NA
1185,xwiki,XWiki,XWiki,9.6,XRENDERING-481,103,NA
1186,xwiki,XWiki,XWiki,9.6,XRENDERING-481,104,NA
1187,xwiki,XWiki,XWiki,9.6,XRENDERING-481,105,NA
1188,xwiki,XWiki,XWiki,9.6,XRENDERING-481,106,NA
1189,xwiki,XWiki,XWiki,9.6,XRENDERING-481,107,NA
1190,xwiki,XWiki,XWiki,9.6,XRENDERING-481,116,NA
1191,xwiki,XWiki,XWiki,9.6,XRENDERING-481,118,NA
1192,xwiki,XWiki,XWiki,9.6,XRENDERING-481,120,NA
1193,xwiki,XWiki,XWiki,9.6,XRENDERING-481,122,NA
1194,xwiki,XWiki,XWiki,9.6,XRENDERING-481,124,NA
1195,xwiki,XWiki,XWiki,9.6,XRENDERING-481,126,NA
1196,xwiki,XWiki,XWiki,7.2-milestone-3,XWIKI-12482,1,Input Data Generation
1197,xwiki,XWiki,XWiki,7.2-milestone-3,XWIKI-12482,2,Input Data Generation
1198,xwiki,XWiki,XWiki,7.2-milestone-3,XWIKI-12482,3,Input Data Generation
1199,xwiki,XWiki,XWiki,7.2-milestone-3,XWIKI-12482,6,Input Data Generation
1200,xwiki,XWiki,XWiki,7.2-milestone-3,XWIKI-12482,7,Input Data Generation
1201,xwiki,XWiki,XWiki,7.2-milestone-3,XWIKI-12482,8,Input Data Generation
1202,xwiki,XWiki,XWiki,7.2-milestone-3,XWIKI-12482,9,Input Data Generation
1203,xwiki,XWiki,XWiki,7.2-milestone-3,XWIKI-12482,10,Input Data Generation
1204,xwiki,XWiki,XWiki,7.2-milestone-2,XWIKI-12584,1,Environmental Dependencies
1205,xwiki,XWiki,XWiki,7.2-milestone-2,XWIKI-12584,2,Environmental Dependencies
1206,xwiki,XWiki,XWiki,7.2-milestone-2,XWIKI-12584,3,Environmental Dependencies
1207,xwiki,XWiki,XWiki,7.2-milestone-2,XWIKI-12584,4,Environmental Dependencies
1208,xwiki,XWiki,XWiki,7.2-milestone-2,XWIKI-12584,5,Input Data Generation
1209,xwiki,XWiki,XWiki,7.2-milestone-2,XWIKI-12584,6,Unknown
1210,xwiki,XWiki,XWiki,7.2,XWIKI-12667,7,NA
1211,xwiki,XWiki,XWiki,7.2,XWIKI-12667,8,NA
1212,xwiki,XWiki,XWiki,7.2,XWIKI-12667,9,NA
1213,xwiki,XWiki,XWiki,7.2,XWIKI-12667,10,NA
1214,xwiki,XWiki,XWiki,7.3-rc-1,XWIKI-12798,1,NA
1215,xwiki,XWiki,XWiki,7.3-rc-1,XWIKI-12798,23,NA
1216,xwiki,XWiki,XWiki,7.3-rc-1,XWIKI-12798,24,NA
1217,xwiki,XWiki,XWiki,7.3-rc-1,XWIKI-12798,25,NA
1218,xwiki,XWiki,XWiki,7.3-rc-1,XWIKI-12798,26,NA
1219,xwiki,XWiki,XWiki,7.3-rc-1,XWIKI-12798,27,NA
1220,xwiki,XWiki,XWiki,7.3-rc-1,XWIKI-12798,28,NA
1221,xwiki,XWiki,XWiki,7.3-rc-1,XWIKI-12798,29,NA
1222,xwiki,XWiki,XWiki,7.3-rc-1,XWIKI-12798,30,NA
1223,xwiki,XWiki,XWiki,7.3-rc-1,XWIKI-12798,31,NA
1224,xwiki,XWiki,XWiki,7.3-rc-1,XWIKI-12798,32,NA
1225,xwiki,XWiki,XWiki,7.3-rc-1,XWIKI-12798,33,NA
1226,xwiki,XWiki,XWiki,7.3-rc-1,XWIKI-12798,34,NA
1227,xwiki,XWiki,XWiki,7.3-rc-1,XWIKI-12798,35,NA
1228,xwiki,XWiki,XWiki,7.3-rc-1,XWIKI-12798,36,NA
1229,xwiki,XWiki,XWiki,7.3-rc-1,XWIKI-12798,37,NA
1230,xwiki,XWiki,XWiki,7.3-rc-1,XWIKI-12798,38,NA
1231,xwiki,XWiki,XWiki,7.3-rc-1,XWIKI-12798,39,NA
1232,xwiki,XWiki,XWiki,7.3-rc-1,XWIKI-12798,40,NA
1233,xwiki,XWiki,XWiki,7.3-rc-1,XWIKI-12798,41,NA
1234,xwiki,XWiki,XWiki,7.3-rc-1,XWIKI-12798,42,NA
1235,xwiki,XWiki,XWiki,7.3-rc-1,XWIKI-12798,43,NA
1236,xwiki,XWiki,XWiki,7.3-rc-1,XWIKI-12798,44,NA
1237,xwiki,XWiki,XWiki,7.3-rc-1,XWIKI-12798,45,NA
1238,xwiki,XWiki,XWiki,7.3-rc-1,XWIKI-12798,46,NA
1239,xwiki,XWiki,XWiki,7.3-rc-1,XWIKI-12798,62,NA
1240,xwiki,XWiki,XWiki,7.3-rc-1,XWIKI-12798,65,NA
1241,xwiki,XWiki,XWiki,7.3-rc-1,XWIKI-12798,66,NA
1242,xwiki,XWiki,XWiki,7.3-rc-1,XWIKI-12798,67,NA
1243,xwiki,XWiki,XWiki,7.3-rc-1,XWIKI-12798,68,NA
1244,xwiki,XWiki,XWiki,7.3-rc-1,XWIKI-12798,69,NA
1245,xwiki,XWiki,XWiki,7.3-rc-1,XWIKI-12798,70,NA
1246,xwiki,XWiki,XWiki,7.3-rc-1,XWIKI-12798,71,NA
1247,xwiki,XWiki,XWiki,7.3-rc-1,XWIKI-12798,72,NA
1248,xwiki,XWiki,XWiki,7.3-rc-1,XWIKI-12798,73,NA
1249,xwiki,XWiki,XWiki,7.3-rc-1,XWIKI-12798,74,NA
1250,xwiki,XWiki,XWiki,7.3-rc-1,XWIKI-12798,75,NA
1251,xwiki,XWiki,XWiki,7.3-rc-1,XWIKI-12798,76,NA
1252,xwiki,XWiki,XWiki,7.3-rc-1,XWIKI-12798,91,NA
1253,xwiki,XWiki,XWiki,7.3-rc-1,XWIKI-12798,92,NA
1254,xwiki,XWiki,XWiki,7.3-rc-1,XWIKI-12798,93,NA
1255,xwiki,XWiki,XWiki,7.3-rc-1,XWIKI-12798,94,NA
1256,xwiki,XWiki,XWiki,7.3-rc-1,XWIKI-12798,95,NA
1257,xwiki,XWiki,XWiki,7.3-rc-1,XWIKI-12798,96,NA
1258,xwiki,XWiki,XWiki,7.3-rc-1,XWIKI-12798,97,NA
1259,xwiki,XWiki,XWiki,7.3-rc-1,XWIKI-12798,98,NA
1260,xwiki,XWiki,XWiki,7.3-rc-1,XWIKI-12798,99,NA
1261,xwiki,XWiki,XWiki,7.3-rc-1,XWIKI-12798,100,NA
1262,xwiki,XWiki,XWiki,7.3-rc-1,XWIKI-12798,101,NA
1263,xwiki,XWiki,XWiki,7.3-rc-1,XWIKI-12798,102,NA
1264,xwiki,XWiki,XWiki,7.3-rc-1,XWIKI-12798,122,NA
1265,xwiki,XWiki,XWiki,7.3-rc-1,XWIKI-12798,123,NA
1266,xwiki,XWiki,XWiki,7.3-rc-1,XWIKI-12798,124,NA
1267,xwiki,XWiki,XWiki,7.3-rc-1,XWIKI-12798,125,NA
1268,xwiki,XWiki,XWiki,7.3-rc-1,XWIKI-12798,126,NA
1269,xwiki,XWiki,XWiki,7.3-rc-1,XWIKI-12798,127,NA
1270,xwiki,XWiki,XWiki,7.3-rc-1,XWIKI-12798,128,NA
1271,xwiki,XWiki,XWiki,7.3-rc-1,XWIKI-12798,129,NA
1272,xwiki,XWiki,XWiki,7.3-rc-1,XWIKI-12798,130,NA
1273,xwiki,XWiki,XWiki,7.3-rc-1,XWIKI-12798,131,NA
1274,xwiki,XWiki,XWiki,7.3-rc-1,XWIKI-12798,132,NA
1275,xwiki,XWiki,XWiki,7.3-rc-1,XWIKI-12798,133,NA
1276,xwiki,XWiki,XWiki,7.3-rc-1,XWIKI-12798,134,NA
1277,xwiki,XWiki,XWiki,7.3-rc-1,XWIKI-12798,143,NA
1278,xwiki,XWiki,XWiki,7.3-rc-1,XWIKI-12798,145,NA
1279,xwiki,XWiki,XWiki,7.3-rc-1,XWIKI-12798,147,NA
1280,xwiki,XWiki,XWiki,7.3-rc-1,XWIKI-12798,149,NA
1281,xwiki,XWiki,XWiki,7.3-rc-1,XWIKI-12798,151,NA
1282,xwiki,XWiki,XWiki,7.3-rc-1,XWIKI-12798,153,NA
1283,xwiki,XWiki,XWiki,7.3-rc-1,XWIKI-12798,155,NA
1284,xwiki,XWiki,XWiki,7.3,XWIKI-12855,29,NA
1285,xwiki,XWiki,XWiki,7.3,XWIKI-12855,30,NA
1286,xwiki,XWiki,XWiki,7.3,XWIKI-12855,31,NA
1287,xwiki,XWiki,XWiki,7.3,XWIKI-12855,32,NA
1288,xwiki,XWiki,XWiki,7.4-milestone-1,XWIKI-12889,2,NA
1289,xwiki,XWiki,XWiki,7.4-milestone-1,XWIKI-12889,48,NA
1290,xwiki,XWiki,XWiki,7.4-milestone-1,XWIKI-12889,50,NA
1291,xwiki,XWiki,XWiki,7.4-milestone-1,XWIKI-12889,52,NA
1292,xwiki,XWiki,XWiki,7.4-milestone-1,XWIKI-12889,54,NA
1293,xwiki,XWiki,XWiki,7.4-milestone-1,XWIKI-12889,56,NA
1294,xwiki,XWiki,XWiki,7.4-milestone-1,XWIKI-12889,58,NA
1295,xwiki,XWiki,XWiki,7.3,XWIKI-12896,11,NA
1296,xwiki,XWiki,XWiki,7.3,XWIKI-12896,12,NA
1297,xwiki,XWiki,XWiki,7.3,XWIKI-12896,13,NA
1298,xwiki,XWiki,XWiki,7.4-milestone-2,XWIKI-12919,4,NA
1299,xwiki,XWiki,XWiki,7.4,XWIKI-13031,4,Irrelevant Frame
1300,xwiki,XWiki,XWiki,7.4,XWIKI-13031,5,Anonymous Class
1301,xwiki,XWiki,XWiki,7.3,XWIKI-13096,1,NA
1302,xwiki,XWiki,XWiki,7.3,XWIKI-13096,2,NA
1303,xwiki,XWiki,XWiki,7.3,XWIKI-13096,3,NA
1304,xwiki,XWiki,XWiki,7.4.1,XWIKI-13137,3,NA
1305,xwiki,XWiki,XWiki,8.0-milestone-2,XWIKI-13138,1,NA
1306,xwiki,XWiki,XWiki,8.0-milestone-2,XWIKI-13138,2,NA
1307,xwiki,XWiki,XWiki,8.0-milestone-2,XWIKI-13138,3,NA
1308,xwiki,XWiki,XWiki,8.0-milestone-2,XWIKI-13138,4,NA
1309,xwiki,XWiki,XWiki,8.0-milestone-2,XWIKI-13138,5,NA
1310,xwiki,XWiki,XWiki,8.0-milestone-2,XWIKI-13138,6,NA
1311,xwiki,XWiki,XWiki,8.0-milestone-2,XWIKI-13138,7,NA
1312,xwiki,XWiki,XWiki,8.0-milestone-2,XWIKI-13138,8,NA
1313,xwiki,XWiki,XWiki,8.0-milestone-2,XWIKI-13138,9,NA
1314,xwiki,XWiki,XWiki,8.0-milestone-2,XWIKI-13138,10,NA
1315,xwiki,XWiki,XWiki,8.0-milestone-2,XWIKI-13138,11,NA
1316,xwiki,XWiki,XWiki,8.0-milestone-2,XWIKI-13138,12,NA
1317,xwiki,XWiki,XWiki,8.0-milestone-2,XWIKI-13138,13,NA
1318,xwiki,XWiki,XWiki,8.0-milestone-2,XWIKI-13138,14,NA
1319,xwiki,XWiki,XWiki,8.0-milestone-2,XWIKI-13138,15,NA
1320,xwiki,XWiki,XWiki,8.0-milestone-2,XWIKI-13138,16,NA
1321,xwiki,XWiki,XWiki,8.0-milestone-2,XWIKI-13138,17,NA
1322,xwiki,XWiki,XWiki,7.4.2,XWIKI-13141,1,NA
1323,xwiki,XWiki,XWiki,7.4.2,XWIKI-13141,2,NA
1324,xwiki,XWiki,XWiki,7.4.2,XWIKI-13141,3,NA
1325,xwiki,XWiki,XWiki,7.4.2,XWIKI-13141,4,NA
1326,xwiki,XWiki,XWiki,7.4.2,XWIKI-13141,5,NA
1327,xwiki,XWiki,XWiki,7.4.2,XWIKI-13141,6,NA
1328,xwiki,XWiki,XWiki,7.4.2,XWIKI-13141,7,NA
1329,xwiki,XWiki,XWiki,7.4.2,XWIKI-13141,8,NA
1330,xwiki,XWiki,XWiki,7.4.2,XWIKI-13141,17,NA
1331,xwiki,XWiki,XWiki,7.4.2,XWIKI-13141,19,NA
1332,xwiki,XWiki,XWiki,7.4.2,XWIKI-13141,21,NA
1333,xwiki,XWiki,XWiki,7.4.2,XWIKI-13141,23,NA
1334,xwiki,XWiki,XWiki,7.4.2,XWIKI-13141,36,NA
1335,xwiki,XWiki,XWiki,7.4.2,XWIKI-13141,38,NA
1336,xwiki,XWiki,XWiki,7.4.2,XWIKI-13141,40,NA
1337,xwiki,XWiki,XWiki,7.4.2,XWIKI-13141,42,NA
1338,xwiki,XWiki,XWiki,7.4.2,XWIKI-13141,44,NA
1339,xwiki,XWiki,XWiki,7.4.2,XWIKI-13141,46,NA
1340,xwiki,XWiki,XWiki,7.4.2,XWIKI-13141,48,NA
1341,xwiki,XWiki,XWiki,7.4.2,XWIKI-13193,1,NA
1342,xwiki,XWiki,XWiki,7.4.2,XWIKI-13196,5,Input Data Generation
1343,xwiki,XWiki,XWiki,7.4.2,XWIKI-13196,6,Input Data Generation
1344,xwiki,XWiki,XWiki,7.4.2,XWIKI-13196,7,Input Data Generation
1345,xwiki,XWiki,XWiki,7.4.2,XWIKI-13196,8,Private Inner Class
1346,xwiki,XWiki,XWiki,7.4.2,XWIKI-13196,9,Input Data Generation
1347,xwiki,XWiki,XWiki,7.4.2,XWIKI-13288,13,NA
1348,xwiki,XWiki,XWiki,7.4.2,XWIKI-13288,14,NA
1349,xwiki,XWiki,XWiki,7.4.2,XWIKI-13288,15,NA
1350,xwiki,XWiki,XWiki,8.0,XWIKI-13303,1,NA
1351,xwiki,XWiki,XWiki,8.0,XWIKI-13303,2,NA
1352,xwiki,XWiki,XWiki,8.0,XWIKI-13303,3,NA
1353,xwiki,XWiki,XWiki,8.0,XWIKI-13303,4,NA
1354,xwiki,XWiki,XWiki,8.0,XWIKI-13303,5,NA
1355,xwiki,XWiki,XWiki,8.0,XWIKI-13303,6,NA
1356,xwiki,XWiki,XWiki,8.0,XWIKI-13303,7,NA
1357,xwiki,XWiki,XWiki,8.0,XWIKI-13303,8,NA
1358,xwiki,XWiki,XWiki,8.0,XWIKI-13303,9,NA
1359,xwiki,XWiki,XWiki,8.0,XWIKI-13303,10,NA
1360,xwiki,XWiki,XWiki,8.0,XWIKI-13303,11,NA
1361,xwiki,XWiki,XWiki,8.0,XWIKI-13316,3,NA
1362,xwiki,XWiki,XWiki,8.0,XWIKI-13316,4,NA
1363,xwiki,XWiki,XWiki,8.0,XWIKI-13316,5,NA
1364,xwiki,XWiki,XWiki,8.0,XWIKI-13316,6,NA
1365,xwiki,XWiki,XWiki,8.0,XWIKI-13316,7,NA
1366,xwiki,XWiki,XWiki,8.0,XWIKI-13316,8,NA
1367,xwiki,XWiki,XWiki,8.0,XWIKI-13316,9,NA
1368,xwiki,XWiki,XWiki,8.0,XWIKI-13316,10,NA
1369,xwiki,XWiki,XWiki,8.1-milestone-1,XWIKI-13345,1,NA
1370,xwiki,XWiki,XWiki,8.1-milestone-1,XWIKI-13345,2,NA
1371,xwiki,XWiki,XWiki,7.4.2,XWIKI-13372,4,Input Data Generation
1372,xwiki,XWiki,XWiki,7.4.2,XWIKI-13372,5,Input Data Generation
1373,xwiki,XWiki,XWiki,7.4.2,XWIKI-13372,6,Input Data Generation
1374,xwiki,XWiki,XWiki,7.4.2,XWIKI-13372,7,Static Initialization
1375,xwiki,XWiki,XWiki,7.4.2,XWIKI-13372,8,Static Initialization
1376,xwiki,XWiki,XWiki,7.4.2,XWIKI-13372,9,Static Initialization
1377,xwiki,XWiki,XWiki,7.4.2,XWIKI-13372,10,Static Initialization
1378,xwiki,XWiki,XWiki,7.4.2,XWIKI-13372,11,Static Initialization
1379,xwiki,XWiki,XWiki,7.4.2,XWIKI-13372,12,Static Initialization
1380,xwiki,XWiki,XWiki,7.4.2,XWIKI-13372,13,Input Data Generation
1381,xwiki,XWiki,XWiki,7.4.2,XWIKI-13372,14,Input Data Generation
1382,xwiki,XWiki,XWiki,7.4.2,XWIKI-13372,15,Input Data Generation
1383,xwiki,XWiki,XWiki,7.4.2,XWIKI-13372,16,Input Data Generation
1384,xwiki,XWiki,XWiki,7.4.2,XWIKI-13372,17,Input Data Generation
1385,xwiki,XWiki,XWiki,7.4.2,XWIKI-13372,18,Input Data Generation
1386,xwiki,XWiki,XWiki,7.4.2,XWIKI-13372,19,Input Data Generation
1387,xwiki,XWiki,XWiki,7.4.2,XWIKI-13372,20,Input Data Generation
1388,xwiki,XWiki,XWiki,7.4.2,XWIKI-13372,21,Input Data Generation
1389,xwiki,XWiki,XWiki,7.4.2,XWIKI-13372,22,Input Data Generation
1390,xwiki,XWiki,XWiki,7.4.2,XWIKI-13372,23,Input Data Generation
1391,xwiki,XWiki,XWiki,8.1-milestone-1,XWIKI-13377,2,NA
1392,xwiki,XWiki,XWiki,8.1-milestone-1,XWIKI-13377,3,NA
1393,xwiki,XWiki,XWiki,8.1-milestone-1,XWIKI-13377,4,NA
1394,xwiki,XWiki,XWiki,8.1-milestone-1,XWIKI-13377,5,NA
1395,xwiki,XWiki,XWiki,8.1-milestone-1,XWIKI-13377,6,NA
1396,xwiki,XWiki,XWiki,8.1-milestone-1,XWIKI-13377,7,NA
1397,xwiki,XWiki,XWiki,8.1-milestone-1,XWIKI-13377,8,NA
1398,xwiki,XWiki,XWiki,8.1-milestone-1,XWIKI-13377,9,NA
1399,xwiki,XWiki,XWiki,8.1-milestone-1,XWIKI-13377,10,NA
1400,xwiki,XWiki,XWiki,8.1-milestone-1,XWIKI-13377,11,NA
1401,xwiki,XWiki,XWiki,8.1-milestone-1,XWIKI-13377,12,NA
1402,xwiki,XWiki,XWiki,8.1-milestone-1,XWIKI-13377,13,NA
1403,xwiki,XWiki,XWiki,8.1-milestone-1,XWIKI-13377,14,NA
1404,xwiki,XWiki,XWiki,8.1-milestone-1,XWIKI-13377,15,NA
1405,xwiki,XWiki,XWiki,8.1-milestone-1,XWIKI-13377,16,NA
1406,xwiki,XWiki,XWiki,8.1-milestone-1,XWIKI-13377,17,NA
1407,xwiki,XWiki,XWiki,8.1-milestone-1,XWIKI-13377,18,NA
1408,xwiki,XWiki,XWiki,8.1-milestone-1,XWIKI-13377,19,NA
1409,xwiki,XWiki,XWiki,8.1-milestone-1,XWIKI-13377,20,NA
1410,xwiki,XWiki,XWiki,8.1-milestone-1,XWIKI-13377,29,NA
1411,xwiki,XWiki,XWiki,8.1-milestone-1,XWIKI-13377,32,NA
1412,xwiki,XWiki,XWiki,8.1-milestone-1,XWIKI-13377,38,NA
1413,xwiki,XWiki,XWiki,8.1-milestone-1,XWIKI-13377,41,NA
1414,xwiki,XWiki,XWiki,8.1-milestone-1,XWIKI-13377,44,NA
1415,xwiki,XWiki,XWiki,8.1-milestone-1,XWIKI-13377,47,NA
1416,xwiki,XWiki,XWiki,7.4.2,XWIKI-13396,2,NA
1417,xwiki,XWiki,XWiki,8.1-rc-1,XWIKI-13407,1,NA
1418,xwiki,XWiki,XWiki,8.1-rc-1,XWIKI-13407,2,NA
1419,xwiki,XWiki,XWiki,8.1-rc-1,XWIKI-13407,3,NA
1420,xwiki,XWiki,XWiki,8.1-rc-1,XWIKI-13407,4,NA
1421,xwiki,XWiki,XWiki,8.1-rc-1,XWIKI-13407,5,NA
1422,xwiki,XWiki,XWiki,8.1-rc-1,XWIKI-13407,6,NA
1423,xwiki,XWiki,XWiki,8.0,XWIKI-13457,7,NA
1424,xwiki,XWiki,XWiki,8.0,XWIKI-13457,8,NA
1425,xwiki,XWiki,XWiki,8.0,XWIKI-13457,9,NA
1426,xwiki,XWiki,XWiki,8.0,XWIKI-13457,10,NA
1427,xwiki,XWiki,XWiki,8.0,XWIKI-13457,11,NA
1428,xwiki,XWiki,XWiki,8.0,XWIKI-13457,12,NA
1429,xwiki,XWiki,XWiki,8.0,XWIKI-13457,13,NA
1430,xwiki,XWiki,XWiki,8.0,XWIKI-13457,14,NA
1431,xwiki,XWiki,XWiki,8.0,XWIKI-13457,15,NA
1432,xwiki,XWiki,XWiki,8.0,XWIKI-13457,16,NA
1433,xwiki,XWiki,XWiki,8.0,XWIKI-13457,17,NA
1434,xwiki,XWiki,XWiki,8.0,XWIKI-13457,18,NA
1435,xwiki,XWiki,XWiki,8.0,XWIKI-13457,19,NA
1436,xwiki,XWiki,XWiki,8.0,XWIKI-13457,28,NA
1437,xwiki,XWiki,XWiki,8.0,XWIKI-13457,30,NA
1438,xwiki,XWiki,XWiki,8.0,XWIKI-13457,32,NA
1439,xwiki,XWiki,XWiki,8.0,XWIKI-13457,34,NA
1440,xwiki,XWiki,XWiki,8.0,XWIKI-13457,36,NA
1441,xwiki,XWiki,XWiki,8.0,XWIKI-13457,38,NA
1442,xwiki,XWiki,XWiki,7.4.4,XWIKI-13544,1,NA
1443,xwiki,XWiki,XWiki,7.4.4,XWIKI-13544,2,NA
1444,xwiki,XWiki,XWiki,7.4.4,XWIKI-13544,3,NA
1445,xwiki,XWiki,XWiki,7.4.4,XWIKI-13544,4,NA
1446,xwiki,XWiki,XWiki,7.4.4,XWIKI-13544,5,NA
1447,xwiki,XWiki,XWiki,7.4.4,XWIKI-13544,6,NA
1448,xwiki,XWiki,XWiki,7.4.4,XWIKI-13544,7,NA
1449,xwiki,XWiki,XWiki,7.4.4,XWIKI-13544,8,NA
1450,xwiki,XWiki,XWiki,7.4.4,XWIKI-13544,9,NA
1451,xwiki,XWiki,XWiki,7.4.4,XWIKI-13544,10,NA
1452,xwiki,XWiki,XWiki,7.4.4,XWIKI-13544,11,NA
1453,xwiki,XWiki,XWiki,7.4.4,XWIKI-13544,12,NA
1454,xwiki,XWiki,XWiki,7.4.4,XWIKI-13544,13,NA
1455,xwiki,XWiki,XWiki,7.4.4,XWIKI-13544,14,NA
1456,xwiki,XWiki,XWiki,7.4.4,XWIKI-13544,16,NA
1457,xwiki,XWiki,XWiki,7.4.4,XWIKI-13544,17,NA
1458,xwiki,XWiki,XWiki,7.4.4,XWIKI-13544,18,NA
1459,xwiki,XWiki,XWiki,7.4.4,XWIKI-13544,19,NA
1460,xwiki,XWiki,XWiki,7.4.4,XWIKI-13544,20,NA
1461,xwiki,XWiki,XWiki,7.4.4,XWIKI-13544,21,NA
1462,xwiki,XWiki,XWiki,7.4.4,XWIKI-13544,22,NA
1463,xwiki,XWiki,XWiki,7.4.4,XWIKI-13544,23,NA
1464,xwiki,XWiki,XWiki,7.4.4,XWIKI-13544,24,NA
1465,xwiki,XWiki,XWiki,7.4.4,XWIKI-13544,25,NA
1466,xwiki,XWiki,XWiki,7.4.4,XWIKI-13544,26,NA
1467,xwiki,XWiki,XWiki,7.4.4,XWIKI-13544,27,NA
1468,xwiki,XWiki,XWiki,7.4.4,XWIKI-13544,41,NA
1469,xwiki,XWiki,XWiki,7.4.4,XWIKI-13544,42,NA
1470,xwiki,XWiki,XWiki,7.4.4,XWIKI-13544,43,NA
1471,xwiki,XWiki,XWiki,7.4.4,XWIKI-13544,44,NA
1472,xwiki,XWiki,XWiki,7.4.4,XWIKI-13544,45,NA
1473,xwiki,XWiki,XWiki,7.4.4,XWIKI-13544,46,NA
1474,xwiki,XWiki,XWiki,7.4.4,XWIKI-13544,47,NA
1475,xwiki,XWiki,XWiki,7.4.4,XWIKI-13544,48,NA
1476,xwiki,XWiki,XWiki,7.4.4,XWIKI-13544,49,NA
1477,xwiki,XWiki,XWiki,7.4.4,XWIKI-13544,50,NA
1478,xwiki,XWiki,XWiki,7.4.4,XWIKI-13544,51,NA
1479,xwiki,XWiki,XWiki,7.4.4,XWIKI-13544,52,NA
1480,xwiki,XWiki,XWiki,7.4.4,XWIKI-13544,53,NA
1481,xwiki,XWiki,XWiki,7.4.4,XWIKI-13544,62,NA
1482,xwiki,XWiki,XWiki,7.4.4,XWIKI-13544,65,NA
1483,xwiki,XWiki,XWiki,7.4.4,XWIKI-13544,75,NA
1484,xwiki,XWiki,XWiki,7.4.4,XWIKI-13544,78,NA
1485,xwiki,XWiki,XWiki,7.4.4,XWIKI-13544,81,NA
1486,xwiki,XWiki,XWiki,7.4.4,XWIKI-13544,84,NA
1487,xwiki,XWiki,XWiki,7.4.4,XWIKI-13544,87,NA
1488,xwiki,XWiki,XWiki,7.4.2,XWIKI-13546,7,NA
1489,xwiki,XWiki,XWiki,7.4.2,XWIKI-13546,8,NA
1490,xwiki,XWiki,XWiki,7.4.2,XWIKI-13546,9,NA
1491,xwiki,XWiki,XWiki,7.4.2,XWIKI-13546,10,NA
1492,xwiki,XWiki,XWiki,7.4.2,XWIKI-13546,11,NA
1493,xwiki,XWiki,XWiki,7.4.2,XWIKI-13546,12,NA
1494,xwiki,XWiki,XWiki,7.4.2,XWIKI-13546,13,NA
1495,xwiki,XWiki,XWiki,8.2,XWIKI-13616,3,NA
1496,xwiki,XWiki,XWiki,8.2,XWIKI-13616,4,Input Data Generation
1497,xwiki,XWiki,XWiki,8.2,XWIKI-13616,5,Input Data Generation
1498,xwiki,XWiki,XWiki,8.2,XWIKI-13616,6,Input Data Generation
1499,xwiki,XWiki,XWiki,8.2,XWIKI-13616,7,Input Data Generation
1500,xwiki,XWiki,XWiki,8.2.1,XWIKI-13617,3,Input Data Generation
1501,xwiki,XWiki,XWiki,8.2.1,XWIKI-13708,1,Input Data Generation
1502,xwiki,XWiki,XWiki,8.2.1,XWIKI-13708,2,Input Data Generation
1503,xwiki,XWiki,XWiki,8.2.1,XWIKI-13708,3,Input Data Generation
1504,xwiki,XWiki,XWiki,8.2.1,XWIKI-13708,4,Input Data Generation
1505,xwiki,XWiki,XWiki,8.2.1,XWIKI-13708,5,Input Data Generation
1506,xwiki,XWiki,XWiki,8.2.1,XWIKI-13708,6,Input Data Generation
1507,xwiki,XWiki,XWiki,8.2.1,XWIKI-13708,7,Input Data Generation
1508,xwiki,XWiki,XWiki,8.2.1,XWIKI-13708,8,Unknown
1509,xwiki,XWiki,XWiki,8.2.1,XWIKI-13708,9,Unknown
1510,xwiki,XWiki,XWiki,8.2.1,XWIKI-13708,10,Environmental Dependencies
1511,xwiki,XWiki,XWiki,8.2.1,XWIKI-13708,11,Complex Code
1512,xwiki,XWiki,XWiki,8.2.1,XWIKI-13708,12,Complex Code
1513,xwiki,XWiki,XWiki,8.2.1,XWIKI-13708,21,Input Data Generation
1514,xwiki,XWiki,XWiki,8.2.1,XWIKI-13708,24,Input Data Generation
1515,xwiki,XWiki,XWiki,8.2.1,XWIKI-13708,30,Input Data Generation
1516,xwiki,XWiki,XWiki,8.2.1,XWIKI-13708,33,Input Data Generation
1517,xwiki,XWiki,XWiki,8.2.1,XWIKI-13708,36,Input Data Generation
1518,xwiki,XWiki,XWiki,8.2.1,XWIKI-13708,39,Input Data Generation
1519,xwiki,XWiki,XWiki,8.4,XWIKI-13916,4,Input Data Generation
1520,xwiki,XWiki,XWiki,8.4,XWIKI-13916,5,Anonymous Class
1521,xwiki,XWiki,XWiki,8.4,XWIKI-13916,6,Anonymous Class
1522,xwiki,XWiki,XWiki,8.4,XWIKI-13916,7,Input Data Generation
1523,xwiki,XWiki,XWiki,8.4,XWIKI-13916,8,Input Data Generation
1524,xwiki,XWiki,XWiki,8.4,XWIKI-13916,9,Input Data Generation
1525,xwiki,XWiki,XWiki,8.4,XWIKI-13942,5,Input Data Generation
1526,xwiki,XWiki,XWiki,9.2-rc-1,XWIKI-14122,17,NA
1527,xwiki,XWiki,XWiki,9.2-rc-1,XWIKI-14122,18,NA
1528,xwiki,XWiki,XWiki,9.2-rc-1,XWIKI-14122,19,NA
1529,xwiki,XWiki,XWiki,9.2-rc-1,XWIKI-14122,20,NA
1530,xwiki,XWiki,XWiki,9.2-rc-1,XWIKI-14122,21,NA
1531,xwiki,XWiki,XWiki,9.2-rc-1,XWIKI-14122,22,NA
1532,xwiki,XWiki,XWiki,9.2-rc-1,XWIKI-14122,23,NA
1533,xwiki,XWiki,XWiki,9.2-rc-1,XWIKI-14122,24,NA
1534,xwiki,XWiki,XWiki,9.2-rc-1,XWIKI-14122,25,NA
1535,xwiki,XWiki,XWiki,9.2-rc-1,XWIKI-14122,26,NA
1536,xwiki,XWiki,XWiki,9.2-rc-1,XWIKI-14122,27,NA
1537,xwiki,XWiki,XWiki,9.2-rc-1,XWIKI-14122,28,NA
1538,xwiki,XWiki,XWiki,9.2-rc-1,XWIKI-14122,29,NA
1539,xwiki,XWiki,XWiki,9.2-rc-1,XWIKI-14122,30,NA
1540,xwiki,XWiki,XWiki,9.2-rc-1,XWIKI-14122,31,NA
1541,xwiki,XWiki,XWiki,9.2-rc-1,XWIKI-14122,32,NA
1542,xwiki,XWiki,XWiki,9.2-rc-1,XWIKI-14122,33,NA
1543,xwiki,XWiki,XWiki,9.2-rc-1,XWIKI-14122,34,NA
1544,xwiki,XWiki,XWiki,9.2-rc-1,XWIKI-14122,35,NA
1545,xwiki,XWiki,XWiki,9.2-rc-1,XWIKI-14122,36,NA
1546,xwiki,XWiki,XWiki,9.2-rc-1,XWIKI-14122,37,NA
1547,xwiki,XWiki,XWiki,9.2-rc-1,XWIKI-14122,38,NA
1548,xwiki,XWiki,XWiki,9.2-rc-1,XWIKI-14122,39,NA
1549,xwiki,XWiki,XWiki,9.2-rc-1,XWIKI-14122,40,NA
1550,xwiki,XWiki,XWiki,9.3-rc-1,XWIKI-14149,19,NA
1551,xwiki,XWiki,XWiki,9.3-rc-1,XWIKI-14149,20,NA
1552,xwiki,XWiki,XWiki,9.3-rc-1,XWIKI-14149,21,NA
1553,xwiki,XWiki,XWiki,8.4.4,XWIKI-14152,6,Anonymous Class
1554,xwiki,XWiki,XWiki,8.4.4,XWIKI-14152,7,Anonymous Class
1555,xwiki,XWiki,XWiki,8.4.4,XWIKI-14152,8,Unknown
1556,xwiki,XWiki,XWiki,9.3,XWIKI-14227,1,NA
1557,xwiki,XWiki,XWiki,9.3,XWIKI-14227,3,NA
1558,xwiki,XWiki,XWiki,9.3,XWIKI-14227,4,NA
1559,xwiki,XWiki,XWiki,9.3,XWIKI-14227,5,NA
1560,xwiki,XWiki,XWiki,9.3,XWIKI-14227,6,NA
1561,xwiki,XWiki,XWiki,9.3,XWIKI-14227,7,NA
1562,xwiki,XWiki,XWiki,9.3,XWIKI-14227,8,NA
1563,xwiki,XWiki,XWiki,9.3,XWIKI-14227,9,NA
1564,xwiki,XWiki,XWiki,9.3,XWIKI-14227,10,NA
1565,xwiki,XWiki,XWiki,9.3,XWIKI-14227,11,NA
1566,xwiki,XWiki,XWiki,9.3,XWIKI-14227,12,NA
1567,xwiki,XWiki,XWiki,9.3,XWIKI-14227,13,NA
1568,xwiki,XWiki,XWiki,9.3,XWIKI-14227,14,NA
1569,xwiki,XWiki,XWiki,9.3,XWIKI-14227,15,NA
1570,xwiki,XWiki,XWiki,9.3,XWIKI-14227,16,NA
1571,xwiki,XWiki,XWiki,9.3,XWIKI-14227,17,NA
1572,xwiki,XWiki,XWiki,9.3,XWIKI-14227,18,NA
1573,xwiki,XWiki,XWiki,9.3,XWIKI-14227,19,NA
1574,xwiki,XWiki,XWiki,9.3,XWIKI-14227,20,NA
1575,xwiki,XWiki,XWiki,9.3,XWIKI-14227,21,NA
1576,xwiki,XWiki,XWiki,9.3,XWIKI-14227,22,NA
1577,xwiki,XWiki,XWiki,9.3,XWIKI-14227,23,NA
1578,xwiki,XWiki,XWiki,9.3,XWIKI-14227,24,NA
1579,xwiki,XWiki,XWiki,9.3,XWIKI-14227,25,NA
1580,xwiki,XWiki,XWiki,8.4,XWIKI-14263,1,NA
1581,xwiki,XWiki,XWiki,8.4,XWIKI-14263,2,NA
1582,xwiki,XWiki,XWiki,8.4,XWIKI-14263,3,NA
1583,xwiki,XWiki,XWiki,8.4,XWIKI-14263,4,NA
1584,xwiki,XWiki,XWiki,8.4,XWIKI-14263,5,NA
1585,xwiki,XWiki,XWiki,8.4,XWIKI-14263,6,NA
1586,xwiki,XWiki,XWiki,8.4,XWIKI-14263,7,NA
1587,xwiki,XWiki,XWiki,8.4,XWIKI-14263,8,NA
1588,xwiki,XWiki,XWiki,8.4,XWIKI-14263,9,NA
1589,xwiki,XWiki,XWiki,8.4,XWIKI-14263,10,NA
1590,xwiki,XWiki,XWiki,8.4,XWIKI-14263,11,NA
1591,xwiki,XWiki,XWiki,8.4,XWIKI-14263,12,NA
1592,xwiki,XWiki,XWiki,8.4,XWIKI-14263,13,NA
1593,xwiki,XWiki,XWiki,8.4,XWIKI-14263,30,NA
1594,xwiki,XWiki,XWiki,8.4,XWIKI-14263,31,NA
1595,xwiki,XWiki,XWiki,8.4,XWIKI-14263,32,NA
1596,xwiki,XWiki,XWiki,8.4,XWIKI-14263,33,NA
1597,xwiki,XWiki,XWiki,8.4,XWIKI-14263,34,NA
1598,xwiki,XWiki,XWiki,8.4,XWIKI-14263,35,NA
1599,xwiki,XWiki,XWiki,8.4,XWIKI-14263,36,NA
1600,xwiki,XWiki,XWiki,8.4,XWIKI-14263,37,NA
1601,xwiki,XWiki,XWiki,8.4,XWIKI-14263,38,NA
1602,xwiki,XWiki,XWiki,8.4,XWIKI-14263,39,NA
1603,xwiki,XWiki,XWiki,8.4,XWIKI-14263,40,NA
1604,xwiki,XWiki,XWiki,8.4,XWIKI-14263,41,NA
1605,xwiki,XWiki,XWiki,8.4,XWIKI-14263,55,NA
1606,xwiki,XWiki,XWiki,8.4,XWIKI-14263,56,NA
1607,xwiki,XWiki,XWiki,8.4,XWIKI-14263,57,NA
1608,xwiki,XWiki,XWiki,8.4,XWIKI-14263,58,NA
1609,xwiki,XWiki,XWiki,8.4,XWIKI-14263,59,NA
1610,xwiki,XWiki,XWiki,8.4,XWIKI-14263,60,NA
1611,xwiki,XWiki,XWiki,8.4,XWIKI-14263,61,NA
1612,xwiki,XWiki,XWiki,8.4,XWIKI-14263,62,NA
1613,xwiki,XWiki,XWiki,8.4,XWIKI-14263,63,NA
1614,xwiki,XWiki,XWiki,8.4,XWIKI-14263,64,NA
1615,xwiki,XWiki,XWiki,8.4,XWIKI-14263,65,NA
1616,xwiki,XWiki,XWiki,8.4,XWIKI-14263,66,NA
1617,xwiki,XWiki,XWiki,8.4,XWIKI-14263,83,NA
1618,xwiki,XWiki,XWiki,8.4,XWIKI-14263,84,NA
1619,xwiki,XWiki,XWiki,8.4,XWIKI-14263,85,NA
1620,xwiki,XWiki,XWiki,8.4,XWIKI-14263,86,NA
1621,xwiki,XWiki,XWiki,8.4,XWIKI-14263,87,NA
1622,xwiki,XWiki,XWiki,8.4,XWIKI-14263,88,NA
1623,xwiki,XWiki,XWiki,8.4,XWIKI-14263,89,NA
1624,xwiki,XWiki,XWiki,8.4,XWIKI-14263,90,NA
1625,xwiki,XWiki,XWiki,8.4,XWIKI-14263,91,NA
1626,xwiki,XWiki,XWiki,8.4,XWIKI-14263,92,NA
1627,xwiki,XWiki,XWiki,8.4,XWIKI-14263,93,NA
1628,xwiki,XWiki,XWiki,8.4,XWIKI-14263,94,NA
1629,xwiki,XWiki,XWiki,8.4,XWIKI-14263,95,NA
1630,xwiki,XWiki,XWiki,8.4,XWIKI-14263,104,NA
1631,xwiki,XWiki,XWiki,8.4,XWIKI-14263,107,NA
1632,xwiki,XWiki,XWiki,8.4,XWIKI-14263,117,NA
1633,xwiki,XWiki,XWiki,8.4,XWIKI-14263,120,NA
1634,xwiki,XWiki,XWiki,8.4,XWIKI-14263,123,NA
1635,xwiki,XWiki,XWiki,8.4,XWIKI-14263,126,NA
1636,xwiki,XWiki,XWiki,9.4-rc-1,XWIKI-14302,15,NA
1637,xwiki,XWiki,XWiki,9.4-rc-1,XWIKI-14302,16,NA
1638,xwiki,XWiki,XWiki,9.4-rc-1,XWIKI-14302,17,NA
1639,xwiki,XWiki,XWiki,9.4-rc-1,XWIKI-14319,2,Input Data Generation
1640,xwiki,XWiki,XWiki,9.5,XWIKI-14462,1,NA
1641,xwiki,XWiki,XWiki,9.5,XWIKI-14462,2,NA
1642,xwiki,XWiki,XWiki,9.5,XWIKI-14462,3,NA
1643,xwiki,XWiki,XWiki,9.5,XWIKI-14462,4,NA
1644,xwiki,XWiki,XWiki,9.5,XWIKI-14462,5,NA
1645,xwiki,XWiki,XWiki,9.5,XWIKI-14462,6,NA
1646,xwiki,XWiki,XWiki,9.5,XWIKI-14462,7,NA
1647,xwiki,XWiki,XWiki,9.5,XWIKI-14462,8,NA
1648,xwiki,XWiki,XWiki,9.5,XWIKI-14462,9,NA
1649,xwiki,XWiki,XWiki,9.5,XWIKI-14462,10,NA
1650,xwiki,XWiki,XWiki,9.5,XWIKI-14462,11,NA
1651,xwiki,XWiki,XWiki,9.5,XWIKI-14462,12,NA
1652,xwiki,XWiki,XWiki,9.5,XWIKI-14462,13,NA
1653,xwiki,XWiki,XWiki,9.5,XWIKI-14462,14,NA
1654,xwiki,XWiki,XWiki,9.5,XWIKI-14462,15,NA
1655,xwiki,XWiki,XWiki,9.5,XWIKI-14462,16,NA
1656,xwiki,XWiki,XWiki,9.5,XWIKI-14462,17,NA
1657,xwiki,XWiki,XWiki,9.5,XWIKI-14475,2,Input Data Generation
1658,xwiki,XWiki,XWiki,9.5,XWIKI-14475,3,Abstract Class
1659,xwiki,XWiki,XWiki,9.5,XWIKI-14475,4,Abstract Class
1660,xwiki,XWiki,XWiki,9.5,XWIKI-14475,5,Abstract Class
1661,xwiki,XWiki,XWiki,9.6-rc-1,XWIKI-14554,2,NA
1662,xwiki,XWiki,XWiki,9.6-rc-1,XWIKI-14554,3,NA
1663,xwiki,XWiki,XWiki,9.5,XWIKI-14556,7,NA
1664,xwiki,XWiki,XWiki,9.5,XWIKI-14556,8,NA
1665,xwiki,XWiki,XWiki,9.5,XWIKI-14556,9,NA
1666,xwiki,XWiki,XWiki,9.5,XWIKI-14556,10,NA
1667,xwiki,XWiki,XWiki,9.6,XWIKI-14599,1,NA
1668,xwiki,XWiki,XWiki,9.6,XWIKI-14599,2,NA
1669,xwiki,XWiki,XWiki,9.6,XWIKI-14599,3,NA
1670,xwiki,XWiki,XWiki,9.6,XWIKI-14599,4,NA
1671,xwiki,XWiki,XWiki,9.6,XWIKI-14599,5,NA
1672,xwiki,XWiki,XWiki,9.6,XWIKI-14599,6,NA
1673,xwiki,XWiki,XWiki,9.6,XWIKI-14599,7,NA
1674,xwiki,XWiki,XWiki,9.6,XWIKI-14599,8,NA
1675,xwiki,XWiki,XWiki,9.6,XWIKI-14599,9,NA
1676,xwiki,XWiki,XWiki,9.6,XWIKI-14599,10,NA
1677,xwiki,XWiki,XWiki,9.6,XWIKI-14599,11,NA
1678,xwiki,XWiki,XWiki,9.6,XWIKI-14599,12,NA
1679,xwiki,XWiki,XWiki,9.6,XWIKI-14599,13,NA
1680,xwiki,XWiki,XWiki,9.6,XWIKI-14599,14,NA
1681,xwiki,XWiki,XWiki,9.6,XWIKI-14599,15,NA
1682,xwiki,XWiki,XWiki,9.6,XWIKI-14599,16,NA
1683,xwiki,XWiki,XWiki,9.6,XWIKI-14599,17,NA
1684,xwiki,XWiki,XWiki,9.6,XWIKI-14599,18,NA
1685,xwiki,XWiki,XWiki,8.4,XWIKI-14612,3,Input Data Generation
1686,xwiki,XWiki,XWiki,8.4,XWIKI-14612,4,Input Data Generation
1687,xwiki,XWiki,XWiki,9.3.1,XWIKI-14626,1,NA
1688,xwiki,XWiki,XWiki,9.3.1,XWIKI-14626,2,NA
1689,xwiki,XWiki,XWiki,9.3.1,XWIKI-14626,3,NA
1690,xwiki,XWiki,XWiki,9.3.1,XWIKI-14626,4,NA
1691,xwiki,XWiki,XWiki,9.3.1,XWIKI-14626,5,NA
1692,xwiki,XWiki,XWiki,8.2,XWIKI-8281,1,NA
1693,xwiki,XWiki,XWiki,8.2,XWIKI-8281,2,NA
1694,xwiki,XWiki,XWiki,8.2,XWIKI-8281,3,NA
1695,xwiki,XWiki,XWiki,8.2,XWIKI-8281,4,NA
1696,xwiki,XWiki,XWiki,8.2,XWIKI-8281,5,NA
